[burst_0] docker compose down + drop page cache
[burst_0] tegrastats -> mmap_sandbox/results/burst_vs_continuous_run1/burst_0/tegrastats.log
[burst_0] launch watcher: /home/student/Documents/projects/wildfire_detection/.venv/bin/python3 /home/student/Documents/projects/wildfire_detection/fire_watcher/fire_watcher.py --sock mmap_sandbox/results/burst_vs_continuous_run1/burst_0/watcher.sock --wake-mode compose --log mmap_sandbox/results/burst_vs_continuous_run1/burst_0/watch.jsonl --compose-file /home/student/Documents/projects/wildfire_detection/docker-compose_fused_system.yaml --ready-file /home/student/Documents/projects/wildfire_detection/data/out_txt --ready-timeout 300.0 --prewarm-at 0.85 --wake-at 0.85 --sleep-at 0.4 --ema-alpha 0.4
{"t": 0.0, "state": "SLEEPING", "event": "listening", "sock": "mmap_sandbox/results/burst_vs_continuous_run1/burst_0/watcher.sock", "wake_mode": "compose"}
[burst_0] launch mht_sim: /home/student/Documents/projects/wildfire_detection/.venv/bin/python3 /home/student/Documents/projects/wildfire_detection/fire_watcher/mht_sim.py mmap_sandbox/results/burst_vs_continuous_run1/burst_0/watcher.sock 0.20:5,0.95:600 --interval 0.5 --noise 0.0 --seed 42
[burst_0] waiting for 'awake' (timeout 360s) ...
{"t": 0.075, "state": "SLEEPING", "event": "confidence", "value": 0.2, "smoothed": 0.2}
{"t": 0.576, "state": "SLEEPING", "event": "confidence", "value": 0.2, "smoothed": 0.2}
{"t": 1.076, "state": "SLEEPING", "event": "confidence", "value": 0.2, "smoothed": 0.2}
{"t": 1.576, "state": "SLEEPING", "event": "confidence", "value": 0.2, "smoothed": 0.2}
{"t": 2.076, "state": "SLEEPING", "event": "confidence", "value": 0.2, "smoothed": 0.2}
{"t": 2.577, "state": "SLEEPING", "event": "confidence", "value": 0.2, "smoothed": 0.2}
{"t": 3.077, "state": "SLEEPING", "event": "confidence", "value": 0.2, "smoothed": 0.2}
{"t": 3.577, "state": "SLEEPING", "event": "confidence", "value": 0.2, "smoothed": 0.2}
{"t": 4.078, "state": "SLEEPING", "event": "confidence", "value": 0.2, "smoothed": 0.2}
{"t": 4.578, "state": "SLEEPING", "event": "confidence", "value": 0.2, "smoothed": 0.2}
{"t": 5.078, "state": "SLEEPING", "event": "confidence", "value": 0.95, "smoothed": 0.5}
{"t": 5.579, "state": "SLEEPING", "event": "confidence", "value": 0.95, "smoothed": 0.68}
{"t": 6.079, "state": "SLEEPING", "event": "confidence", "value": 0.95, "smoothed": 0.788}
{"t": 6.579, "state": "SLEEPING", "event": "confidence", "value": 0.95, "smoothed": 0.853}
{"t": 6.58, "state": "WAKING", "event": "wake_start", "confidence": 0.8528, "from_state": "SLEEPING"}
{"t": 7.079, "state": "WAKING", "event": "confidence", "value": 0.95, "smoothed": 0.892}
{"t": 7.579, "state": "WAKING", "event": "confidence", "value": 0.95, "smoothed": 0.915}
{"t": 8.08, "state": "WAKING", "event": "confidence", "value": 0.95, "smoothed": 0.929}
{"t": 8.58, "state": "WAKING", "event": "confidence", "value": 0.95, "smoothed": 0.937}
{"t": 9.08, "state": "WAKING", "event": "confidence", "value": 0.95, "smoothed": 0.942}
{"t": 9.581, "state": "WAKING", "event": "confidence", "value": 0.95, "smoothed": 0.945}
{"t": 10.081, "state": "WAKING", "event": "confidence", "value": 0.95, "smoothed": 0.947}
{"t": 10.581, "state": "WAKING", "event": "confidence", "value": 0.95, "smoothed": 0.948}
{"t": 11.081, "state": "WAKING", "event": "confidence", "value": 0.95, "smoothed": 0.949}
{"t": 11.581, "state": "WAKING", "event": "confidence", "value": 0.95, "smoothed": 0.949}
{"t": 12.081, "state": "WAKING", "event": "confidence", "value": 0.95, "smoothed": 0.95}
{"t": 12.582, "state": "WAKING", "event": "confidence", "value": 0.95, "smoothed": 0.95}
{"t": 13.082, "state": "WAKING", "event": "confidence", "value": 0.95, "smoothed": 0.95}
{"t": 13.582, "state": "WAKING", "event": "confidence", "value": 0.95, "smoothed": 0.95}
{"t": 14.082, "state": "WAKING", "event": "confidence", "value": 0.95, "smoothed": 0.95}
{"t": 14.582, "state": "WAKING", "event": "confidence", "value": 0.95, "smoothed": 0.95}
{"t": 15.082, "state": "WAKING", "event": "confidence", "value": 0.95, "smoothed": 0.95}
{"t": 15.583, "state": "WAKING", "event": "confidence", "value": 0.95, "smoothed": 0.95}
{"t": 16.083, "state": "WAKING", "event": "confidence", "value": 0.95, "smoothed": 0.95}
{"t": 16.583, "state": "WAKING", "event": "confidence", "value": 0.95, "smoothed": 0.95}
{"t": 17.083, "state": "WAKING", "event": "confidence", "value": 0.95, "smoothed": 0.95}
{"t": 17.584, "state": "WAKING", "event": "confidence", "value": 0.95, "smoothed": 0.95}
{"t": 18.084, "state": "WAKING", "event": "confidence", "value": 0.95, "smoothed": 0.95}
{"t": 18.584, "state": "WAKING", "event": "confidence", "value": 0.95, "smoothed": 0.95}
{"t": 19.084, "state": "WAKING", "event": "confidence", "value": 0.95, "smoothed": 0.95}
{"t": 19.584, "state": "WAKING", "event": "confidence", "value": 0.95, "smoothed": 0.95}
{"t": 20.084, "state": "WAKING", "event": "confidence", "value": 0.95, "smoothed": 0.95}
{"t": 20.585, "state": "WAKING", "event": "confidence", "value": 0.95, "smoothed": 0.95}
{"t": 21.085, "state": "WAKING", "event": "confidence", "value": 0.95, "smoothed": 0.95}
{"t": 21.585, "state": "WAKING", "event": "confidence", "value": 0.95, "smoothed": 0.95}
{"t": 22.085, "state": "WAKING", "event": "confidence", "value": 0.95, "smoothed": 0.95}
{"t": 22.585, "state": "WAKING", "event": "confidence", "value": 0.95, "smoothed": 0.95}
{"t": 23.086, "state": "WAKING", "event": "confidence", "value": 0.95, "smoothed": 0.95}
{"t": 23.586, "state": "WAKING", "event": "confidence", "value": 0.95, "smoothed": 0.95}
{"t": 24.086, "state": "WAKING", "event": "confidence", "value": 0.95, "smoothed": 0.95}
{"t": 24.586, "state": "WAKING", "event": "confidence", "value": 0.95, "smoothed": 0.95}
{"t": 25.086, "state": "WAKING", "event": "confidence", "value": 0.95, "smoothed": 0.95}
{"t": 25.587, "state": "WAKING", "event": "confidence", "value": 0.95, "smoothed": 0.95}
{"t": 26.087, "state": "WAKING", "event": "confidence", "value": 0.95, "smoothed": 0.95}
{"t": 26.587, "state": "WAKING", "event": "confidence", "value": 0.95, "smoothed": 0.95}
{"t": 27.087, "state": "WAKING", "event": "confidence", "value": 0.95, "smoothed": 0.95}
{"t": 27.587, "state": "WAKING", "event": "confidence", "value": 0.95, "smoothed": 0.95}
{"t": 28.087, "state": "WAKING", "event": "confidence", "value": 0.95, "smoothed": 0.95}
{"t": 28.588, "state": "WAKING", "event": "confidence", "value": 0.95, "smoothed": 0.95}
{"t": 29.088, "state": "WAKING", "event": "confidence", "value": 0.95, "smoothed": 0.95}
{"t": 29.588, "state": "WAKING", "event": "confidence", "value": 0.95, "smoothed": 0.95}
{"t": 30.088, "state": "WAKING", "event": "confidence", "value": 0.95, "smoothed": 0.95}
{"t": 30.589, "state": "WAKING", "event": "confidence", "value": 0.95, "smoothed": 0.95}
{"t": 31.089, "state": "WAKING", "event": "confidence", "value": 0.95, "smoothed": 0.95}
{"t": 31.589, "state": "WAKING", "event": "confidence", "value": 0.95, "smoothed": 0.95}
{"t": 32.089, "state": "WAKING", "event": "confidence", "value": 0.95, "smoothed": 0.95}
{"t": 32.589, "state": "WAKING", "event": "confidence", "value": 0.95, "smoothed": 0.95}
{"t": 33.089, "state": "WAKING", "event": "confidence", "value": 0.95, "smoothed": 0.95}
{"t": 33.59, "state": "WAKING", "event": "confidence", "value": 0.95, "smoothed": 0.95}
{"t": 34.09, "state": "WAKING", "event": "confidence", "value": 0.95, "smoothed": 0.95}
{"t": 34.59, "state": "WAKING", "event": "confidence", "value": 0.95, "smoothed": 0.95}
{"t": 35.09, "state": "WAKING", "event": "confidence", "value": 0.95, "smoothed": 0.95}
{"t": 35.59, "state": "WAKING", "event": "confidence", "value": 0.95, "smoothed": 0.95}
{"t": 36.091, "state": "WAKING", "event": "confidence", "value": 0.95, "smoothed": 0.95}
{"t": 36.591, "state": "WAKING", "event": "confidence", "value": 0.95, "smoothed": 0.95}
{"t": 37.091, "state": "WAKING", "event": "confidence", "value": 0.95, "smoothed": 0.95}
{"t": 37.591, "state": "WAKING", "event": "confidence", "value": 0.95, "smoothed": 0.95}
{"t": 38.091, "state": "WAKING", "event": "confidence", "value": 0.95, "smoothed": 0.95}
{"t": 38.591, "state": "WAKING", "event": "confidence", "value": 0.95, "smoothed": 0.95}
{"t": 39.092, "state": "WAKING", "event": "confidence", "value": 0.95, "smoothed": 0.95}
{"t": 39.592, "state": "WAKING", "event": "confidence", "value": 0.95, "smoothed": 0.95}
{"t": 40.092, "state": "WAKING", "event": "confidence", "value": 0.95, "smoothed": 0.95}
{"t": 40.592, "state": "WAKING", "event": "confidence", "value": 0.95, "smoothed": 0.95}
{"t": 41.092, "state": "WAKING", "event": "confidence", "value": 0.95, "smoothed": 0.95}
{"t": 41.593, "state": "WAKING", "event": "confidence", "value": 0.95, "smoothed": 0.95}
{"t": 42.093, "state": "WAKING", "event": "confidence", "value": 0.95, "smoothed": 0.95}
{"t": 42.593, "state": "WAKING", "event": "confidence", "value": 0.95, "smoothed": 0.95}
{"t": 43.093, "state": "WAKING", "event": "confidence", "value": 0.95, "smoothed": 0.95}
{"t": 43.594, "state": "WAKING", "event": "confidence", "value": 0.95, "smoothed": 0.95}
{"t": 44.094, "state": "WAKING", "event": "confidence", "value": 0.95, "smoothed": 0.95}
{"t": 44.594, "state": "WAKING", "event": "confidence", "value": 0.95, "smoothed": 0.95}
{"t": 45.094, "state": "WAKING", "event": "confidence", "value": 0.95, "smoothed": 0.95}
{"t": 45.594, "state": "WAKING", "event": "confidence", "value": 0.95, "smoothed": 0.95}
{"t": 46.095, "state": "WAKING", "event": "confidence", "value": 0.95, "smoothed": 0.95}
{"t": 46.595, "state": "WAKING", "event": "confidence", "value": 0.95, "smoothed": 0.95}
{"t": 47.095, "state": "WAKING", "event": "confidence", "value": 0.95, "smoothed": 0.95}
{"t": 47.595, "state": "WAKING", "event": "confidence", "value": 0.95, "smoothed": 0.95}
{"t": 48.095, "state": "WAKING", "event": "confidence", "value": 0.95, "smoothed": 0.95}
{"t": 48.595, "state": "WAKING", "event": "confidence", "value": 0.95, "smoothed": 0.95}
{"t": 49.096, "state": "WAKING", "event": "confidence", "value": 0.95, "smoothed": 0.95}
{"t": 49.596, "state": "WAKING", "event": "confidence", "value": 0.95, "smoothed": 0.95}
{"t": 50.096, "state": "WAKING", "event": "confidence", "value": 0.95, "smoothed": 0.95}
{"t": 50.596, "state": "WAKING", "event": "confidence", "value": 0.95, "smoothed": 0.95}
{"t": 51.096, "state": "WAKING", "event": "confidence", "value": 0.95, "smoothed": 0.95}
{"t": 51.597, "state": "WAKING", "event": "confidence", "value": 0.95, "smoothed": 0.95}
{"t": 52.097, "state": "WAKING", "event": "confidence", "value": 0.95, "smoothed": 0.95}
{"t": 52.597, "state": "WAKING", "event": "confidence", "value": 0.95, "smoothed": 0.95}
{"t": 53.097, "state": "WAKING", "event": "confidence", "value": 0.95, "smoothed": 0.95}
{"t": 53.597, "state": "WAKING", "event": "confidence", "value": 0.95, "smoothed": 0.95}
{"t": 54.098, "state": "WAKING", "event": "confidence", "value": 0.95, "smoothed": 0.95}
{"t": 54.598, "state": "WAKING", "event": "confidence", "value": 0.95, "smoothed": 0.95}
{"t": 55.098, "state": "WAKING", "event": "confidence", "value": 0.95, "smoothed": 0.95}
{"t": 55.598, "state": "WAKING", "event": "confidence", "value": 0.95, "smoothed": 0.95}
{"t": 56.099, "state": "WAKING", "event": "confidence", "value": 0.95, "smoothed": 0.95}
{"t": 56.599, "state": "WAKING", "event": "confidence", "value": 0.95, "smoothed": 0.95}
{"t": 57.099, "state": "WAKING", "event": "confidence", "value": 0.95, "smoothed": 0.95}
{"t": 57.599, "state": "WAKING", "event": "confidence", "value": 0.95, "smoothed": 0.95}
{"t": 58.099, "state": "WAKING", "event": "confidence", "value": 0.95, "smoothed": 0.95}
{"t": 58.599, "state": "WAKING", "event": "confidence", "value": 0.95, "smoothed": 0.95}
{"t": 59.099, "state": "WAKING", "event": "confidence", "value": 0.95, "smoothed": 0.95}
{"t": 59.6, "state": "WAKING", "event": "confidence", "value": 0.95, "smoothed": 0.95}
{"t": 60.1, "state": "WAKING", "event": "confidence", "value": 0.95, "smoothed": 0.95}
{"t": 60.6, "state": "WAKING", "event": "confidence", "value": 0.95, "smoothed": 0.95}
{"t": 61.1, "state": "WAKING", "event": "confidence", "value": 0.95, "smoothed": 0.95}
{"t": 61.609, "state": "WAKING", "event": "confidence", "value": 0.95, "smoothed": 0.95}
{"t": 62.106, "state": "WAKING", "event": "confidence", "value": 0.95, "smoothed": 0.95}
{"t": 62.606, "state": "WAKING", "event": "confidence", "value": 0.95, "smoothed": 0.95}
{"t": 63.106, "state": "WAKING", "event": "confidence", "value": 0.95, "smoothed": 0.95}
{"t": 63.606, "state": "WAKING", "event": "confidence", "value": 0.95, "smoothed": 0.95}
{"t": 64.107, "state": "WAKING", "event": "confidence", "value": 0.95, "smoothed": 0.95}
{"t": 64.607, "state": "WAKING", "event": "confidence", "value": 0.95, "smoothed": 0.95}
{"t": 65.107, "state": "WAKING", "event": "confidence", "value": 0.95, "smoothed": 0.95}
{"t": 65.608, "state": "WAKING", "event": "confidence", "value": 0.95, "smoothed": 0.95}
{"t": 66.108, "state": "WAKING", "event": "confidence", "value": 0.95, "smoothed": 0.95}
{"t": 66.608, "state": "WAKING", "event": "confidence", "value": 0.95, "smoothed": 0.95}
{"t": 67.108, "state": "WAKING", "event": "confidence", "value": 0.95, "smoothed": 0.95}
{"t": 67.608, "state": "WAKING", "event": "confidence", "value": 0.95, "smoothed": 0.95}
{"t": 68.109, "state": "WAKING", "event": "confidence", "value": 0.95, "smoothed": 0.95}
{"t": 68.61, "state": "WAKING", "event": "confidence", "value": 0.95, "smoothed": 0.95}
{"t": 69.11, "state": "WAKING", "event": "confidence", "value": 0.95, "smoothed": 0.95}
{"t": 69.61, "state": "WAKING", "event": "confidence", "value": 0.95, "smoothed": 0.95}
{"t": 70.114, "state": "WAKING", "event": "confidence", "value": 0.95, "smoothed": 0.95}
{"t": 70.614, "state": "WAKING", "event": "confidence", "value": 0.95, "smoothed": 0.95}
{"t": 71.114, "state": "WAKING", "event": "confidence", "value": 0.95, "smoothed": 0.95}
{"t": 71.614, "state": "WAKING", "event": "confidence", "value": 0.95, "smoothed": 0.95}
{"t": 72.115, "state": "WAKING", "event": "confidence", "value": 0.95, "smoothed": 0.95}
{"t": 72.617, "state": "WAKING", "event": "confidence", "value": 0.95, "smoothed": 0.95}
{"t": 73.118, "state": "WAKING", "event": "confidence", "value": 0.95, "smoothed": 0.95}
{"t": 73.618, "state": "WAKING", "event": "confidence", "value": 0.95, "smoothed": 0.95}
{"t": 74.118, "state": "WAKING", "event": "confidence", "value": 0.95, "smoothed": 0.95}
{"t": 74.618, "state": "WAKING", "event": "confidence", "value": 0.95, "smoothed": 0.95}
{"t": 75.119, "state": "WAKING", "event": "confidence", "value": 0.95, "smoothed": 0.95}
{"t": 75.619, "state": "WAKING", "event": "confidence", "value": 0.95, "smoothed": 0.95}
{"t": 76.12, "state": "WAKING", "event": "confidence", "value": 0.95, "smoothed": 0.95}
{"t": 76.62, "state": "WAKING", "event": "confidence", "value": 0.95, "smoothed": 0.95}
{"t": 77.12, "state": "WAKING", "event": "confidence", "value": 0.95, "smoothed": 0.95}
{"t": 77.62, "state": "WAKING", "event": "confidence", "value": 0.95, "smoothed": 0.95}
{"t": 78.121, "state": "WAKING", "event": "confidence", "value": 0.95, "smoothed": 0.95}
{"t": 78.621, "state": "WAKING", "event": "confidence", "value": 0.95, "smoothed": 0.95}
{"t": 79.121, "state": "WAKING", "event": "confidence", "value": 0.95, "smoothed": 0.95}
{"t": 79.621, "state": "WAKING", "event": "confidence", "value": 0.95, "smoothed": 0.95}
{"t": 80.121, "state": "WAKING", "event": "confidence", "value": 0.95, "smoothed": 0.95}
{"t": 80.621, "state": "WAKING", "event": "confidence", "value": 0.95, "smoothed": 0.95}
{"t": 81.122, "state": "WAKING", "event": "confidence", "value": 0.95, "smoothed": 0.95}
{"t": 81.622, "state": "WAKING", "event": "confidence", "value": 0.95, "smoothed": 0.95}
{"t": 82.122, "state": "WAKING", "event": "confidence", "value": 0.95, "smoothed": 0.95}
{"t": 82.622, "state": "WAKING", "event": "confidence", "value": 0.95, "smoothed": 0.95}
{"t": 83.123, "state": "WAKING", "event": "confidence", "value": 0.95, "smoothed": 0.95}
{"t": 83.623, "state": "WAKING", "event": "confidence", "value": 0.95, "smoothed": 0.95}
{"t": 84.123, "state": "WAKING", "event": "confidence", "value": 0.95, "smoothed": 0.95}
{"t": 84.623, "state": "WAKING", "event": "confidence", "value": 0.95, "smoothed": 0.95}
{"t": 85.124, "state": "WAKING", "event": "confidence", "value": 0.95, "smoothed": 0.95}
{"t": 85.624, "state": "WAKING", "event": "confidence", "value": 0.95, "smoothed": 0.95}
{"t": 86.124, "state": "WAKING", "event": "confidence", "value": 0.95, "smoothed": 0.95}
{"t": 86.624, "state": "WAKING", "event": "confidence", "value": 0.95, "smoothed": 0.95}
{"t": 87.125, "state": "WAKING", "event": "confidence", "value": 0.95, "smoothed": 0.95}
{"t": 87.625, "state": "WAKING", "event": "confidence", "value": 0.95, "smoothed": 0.95}
{"t": 88.125, "state": "WAKING", "event": "confidence", "value": 0.95, "smoothed": 0.95}
{"t": 88.626, "state": "WAKING", "event": "confidence", "value": 0.95, "smoothed": 0.95}
{"t": 89.126, "state": "WAKING", "event": "confidence", "value": 0.95, "smoothed": 0.95}
{"t": 89.626, "state": "WAKING", "event": "confidence", "value": 0.95, "smoothed": 0.95}
{"t": 90.126, "state": "WAKING", "event": "confidence", "value": 0.95, "smoothed": 0.95}
{"t": 90.627, "state": "WAKING", "event": "confidence", "value": 0.95, "smoothed": 0.95}
{"t": 91.127, "state": "WAKING", "event": "confidence", "value": 0.95, "smoothed": 0.95}
{"t": 91.627, "state": "WAKING", "event": "confidence", "value": 0.95, "smoothed": 0.95}
{"t": 92.127, "state": "WAKING", "event": "confidence", "value": 0.95, "smoothed": 0.95}
{"t": 93.08, "state": "WAKING", "event": "confidence", "value": 0.95, "smoothed": 0.95}
{"t": 93.128, "state": "WAKING", "event": "confidence", "value": 0.95, "smoothed": 0.95}
{"t": 93.628, "state": "WAKING", "event": "confidence", "value": 0.95, "smoothed": 0.95}
{"t": 94.129, "state": "WAKING", "event": "confidence", "value": 0.95, "smoothed": 0.95}
{"t": 94.629, "state": "WAKING", "event": "confidence", "value": 0.95, "smoothed": 0.95}
{"t": 95.129, "state": "WAKING", "event": "confidence", "value": 0.95, "smoothed": 0.95}
{"t": 95.629, "state": "WAKING", "event": "confidence", "value": 0.95, "smoothed": 0.95}
{"t": 96.129, "state": "WAKING", "event": "confidence", "value": 0.95, "smoothed": 0.95}
{"t": 96.63, "state": "WAKING", "event": "confidence", "value": 0.95, "smoothed": 0.95}
{"t": 97.13, "state": "WAKING", "event": "confidence", "value": 0.95, "smoothed": 0.95}
{"t": 97.63, "state": "WAKING", "event": "confidence", "value": 0.95, "smoothed": 0.95}
{"t": 98.131, "state": "WAKING", "event": "confidence", "value": 0.95, "smoothed": 0.95}
{"t": 98.631, "state": "WAKING", "event": "confidence", "value": 0.95, "smoothed": 0.95}
{"t": 99.131, "state": "WAKING", "event": "confidence", "value": 0.95, "smoothed": 0.95}
{"t": 99.631, "state": "WAKING", "event": "confidence", "value": 0.95, "smoothed": 0.95}
{"t": 100.131, "state": "WAKING", "event": "confidence", "value": 0.95, "smoothed": 0.95}
{"t": 100.632, "state": "WAKING", "event": "confidence", "value": 0.95, "smoothed": 0.95}
{"t": 101.132, "state": "WAKING", "event": "confidence", "value": 0.95, "smoothed": 0.95}
{"t": 101.632, "state": "WAKING", "event": "confidence", "value": 0.95, "smoothed": 0.95}
{"t": 102.132, "state": "WAKING", "event": "confidence", "value": 0.95, "smoothed": 0.95}
{"t": 102.633, "state": "WAKING", "event": "confidence", "value": 0.95, "smoothed": 0.95}
{"t": 103.133, "state": "WAKING", "event": "confidence", "value": 0.95, "smoothed": 0.95}
{"t": 103.633, "state": "WAKING", "event": "confidence", "value": 0.95, "smoothed": 0.95}
{"t": 104.133, "state": "WAKING", "event": "confidence", "value": 0.95, "smoothed": 0.95}
{"t": 104.633, "state": "WAKING", "event": "confidence", "value": 0.95, "smoothed": 0.95}
{"t": 105.134, "state": "WAKING", "event": "confidence", "value": 0.95, "smoothed": 0.95}
{"t": 105.634, "state": "WAKING", "event": "confidence", "value": 0.95, "smoothed": 0.95}
{"t": 106.134, "state": "WAKING", "event": "confidence", "value": 0.95, "smoothed": 0.95}
{"t": 106.635, "state": "WAKING", "event": "confidence", "value": 0.95, "smoothed": 0.95}
{"t": 107.135, "state": "WAKING", "event": "confidence", "value": 0.95, "smoothed": 0.95}
{"t": 107.635, "state": "WAKING", "event": "confidence", "value": 0.95, "smoothed": 0.95}
{"t": 108.136, "state": "WAKING", "event": "confidence", "value": 0.95, "smoothed": 0.95}
{"t": 108.636, "state": "WAKING", "event": "confidence", "value": 0.95, "smoothed": 0.95}
{"t": 109.136, "state": "WAKING", "event": "confidence", "value": 0.95, "smoothed": 0.95}
{"t": 109.636, "state": "WAKING", "event": "confidence", "value": 0.95, "smoothed": 0.95}
{"t": 110.136, "state": "WAKING", "event": "confidence", "value": 0.95, "smoothed": 0.95}
{"t": 110.637, "state": "WAKING", "event": "confidence", "value": 0.95, "smoothed": 0.95}
{"t": 111.137, "state": "WAKING", "event": "confidence", "value": 0.95, "smoothed": 0.95}
{"t": 111.637, "state": "WAKING", "event": "confidence", "value": 0.95, "smoothed": 0.95}
{"t": 112.137, "state": "WAKING", "event": "confidence", "value": 0.95, "smoothed": 0.95}
{"t": 112.637, "state": "WAKING", "event": "confidence", "value": 0.95, "smoothed": 0.95}
{"t": 113.138, "state": "WAKING", "event": "confidence", "value": 0.95, "smoothed": 0.95}
{"t": 113.638, "state": "WAKING", "event": "confidence", "value": 0.95, "smoothed": 0.95}
{"t": 114.138, "state": "WAKING", "event": "confidence", "value": 0.95, "smoothed": 0.95}
{"t": 114.638, "state": "WAKING", "event": "confidence", "value": 0.95, "smoothed": 0.95}
{"t": 115.138, "state": "WAKING", "event": "confidence", "value": 0.95, "smoothed": 0.95}
{"t": 115.638, "state": "WAKING", "event": "confidence", "value": 0.95, "smoothed": 0.95}
{"t": 116.139, "state": "WAKING", "event": "confidence", "value": 0.95, "smoothed": 0.95}
{"t": 116.639, "state": "WAKING", "event": "confidence", "value": 0.95, "smoothed": 0.95}
{"t": 117.139, "state": "WAKING", "event": "confidence", "value": 0.95, "smoothed": 0.95}
{"t": 117.639, "state": "WAKING", "event": "confidence", "value": 0.95, "smoothed": 0.95}
{"t": 118.139, "state": "WAKING", "event": "confidence", "value": 0.95, "smoothed": 0.95}
{"t": 118.64, "state": "WAKING", "event": "confidence", "value": 0.95, "smoothed": 0.95}
{"t": 119.14, "state": "WAKING", "event": "confidence", "value": 0.95, "smoothed": 0.95}
{"t": 119.64, "state": "WAKING", "event": "confidence", "value": 0.95, "smoothed": 0.95}
{"t": 120.14, "state": "WAKING", "event": "confidence", "value": 0.95, "smoothed": 0.95}
{"t": 120.64, "state": "WAKING", "event": "confidence", "value": 0.95, "smoothed": 0.95}
{"t": 121.14, "state": "WAKING", "event": "confidence", "value": 0.95, "smoothed": 0.95}
{"t": 121.641, "state": "WAKING", "event": "confidence", "value": 0.95, "smoothed": 0.95}
{"t": 122.141, "state": "WAKING", "event": "confidence", "value": 0.95, "smoothed": 0.95}
{"t": 122.641, "state": "WAKING", "event": "confidence", "value": 0.95, "smoothed": 0.95}
{"t": 123.141, "state": "WAKING", "event": "confidence", "value": 0.95, "smoothed": 0.95}
{"t": 123.641, "state": "WAKING", "event": "confidence", "value": 0.95, "smoothed": 0.95}
{"t": 124.142, "state": "WAKING", "event": "confidence", "value": 0.95, "smoothed": 0.95}
{"t": 124.642, "state": "WAKING", "event": "confidence", "value": 0.95, "smoothed": 0.95}
{"t": 125.142, "state": "WAKING", "event": "confidence", "value": 0.95, "smoothed": 0.95}
{"t": 125.642, "state": "WAKING", "event": "confidence", "value": 0.95, "smoothed": 0.95}
{"t": 126.142, "state": "WAKING", "event": "confidence", "value": 0.95, "smoothed": 0.95}
{"t": 126.642, "state": "WAKING", "event": "confidence", "value": 0.95, "smoothed": 0.95}
{"t": 127.143, "state": "WAKING", "event": "confidence", "value": 0.95, "smoothed": 0.95}
{"t": 127.643, "state": "WAKING", "event": "confidence", "value": 0.95, "smoothed": 0.95}
{"t": 128.143, "state": "WAKING", "event": "confidence", "value": 0.95, "smoothed": 0.95}
{"t": 128.643, "state": "WAKING", "event": "confidence", "value": 0.95, "smoothed": 0.95}
{"t": 129.144, "state": "WAKING", "event": "confidence", "value": 0.95, "smoothed": 0.95}
{"t": 129.644, "state": "WAKING", "event": "confidence", "value": 0.95, "smoothed": 0.95}
{"t": 130.144, "state": "WAKING", "event": "confidence", "value": 0.95, "smoothed": 0.95}
{"t": 130.644, "state": "WAKING", "event": "confidence", "value": 0.95, "smoothed": 0.95}
{"t": 131.144, "state": "WAKING", "event": "confidence", "value": 0.95, "smoothed": 0.95}
{"t": 131.644, "state": "WAKING", "event": "confidence", "value": 0.95, "smoothed": 0.95}
{"t": 132.145, "state": "WAKING", "event": "confidence", "value": 0.95, "smoothed": 0.95}
{"t": 132.645, "state": "WAKING", "event": "confidence", "value": 0.95, "smoothed": 0.95}
{"t": 133.145, "state": "WAKING", "event": "confidence", "value": 0.95, "smoothed": 0.95}
{"t": 133.645, "state": "WAKING", "event": "confidence", "value": 0.95, "smoothed": 0.95}
{"t": 134.145, "state": "WAKING", "event": "confidence", "value": 0.95, "smoothed": 0.95}
{"t": 134.646, "state": "WAKING", "event": "confidence", "value": 0.95, "smoothed": 0.95}
{"t": 135.146, "state": "WAKING", "event": "confidence", "value": 0.95, "smoothed": 0.95}
{"t": 135.646, "state": "WAKING", "event": "confidence", "value": 0.95, "smoothed": 0.95}
{"t": 136.146, "state": "WAKING", "event": "confidence", "value": 0.95, "smoothed": 0.95}
{"t": 136.646, "state": "WAKING", "event": "confidence", "value": 0.95, "smoothed": 0.95}
{"t": 137.147, "state": "WAKING", "event": "confidence", "value": 0.95, "smoothed": 0.95}
{"t": 137.647, "state": "WAKING", "event": "confidence", "value": 0.95, "smoothed": 0.95}
{"t": 138.147, "state": "WAKING", "event": "confidence", "value": 0.95, "smoothed": 0.95}
{"t": 138.647, "state": "WAKING", "event": "confidence", "value": 0.95, "smoothed": 0.95}
{"t": 139.147, "state": "WAKING", "event": "confidence", "value": 0.95, "smoothed": 0.95}
{"t": 139.647, "state": "WAKING", "event": "confidence", "value": 0.95, "smoothed": 0.95}
{"t": 140.148, "state": "WAKING", "event": "confidence", "value": 0.95, "smoothed": 0.95}
{"t": 140.648, "state": "WAKING", "event": "confidence", "value": 0.95, "smoothed": 0.95}
{"t": 141.148, "state": "WAKING", "event": "confidence", "value": 0.95, "smoothed": 0.95}
{"t": 141.648, "state": "WAKING", "event": "confidence", "value": 0.95, "smoothed": 0.95}
{"t": 142.148, "state": "WAKING", "event": "confidence", "value": 0.95, "smoothed": 0.95}
{"t": 142.648, "state": "WAKING", "event": "confidence", "value": 0.95, "smoothed": 0.95}
{"t": 143.149, "state": "WAKING", "event": "confidence", "value": 0.95, "smoothed": 0.95}
{"t": 143.649, "state": "WAKING", "event": "confidence", "value": 0.95, "smoothed": 0.95}
{"t": 144.149, "state": "WAKING", "event": "confidence", "value": 0.95, "smoothed": 0.95}
{"t": 144.649, "state": "WAKING", "event": "confidence", "value": 0.95, "smoothed": 0.95}
{"t": 145.15, "state": "WAKING", "event": "confidence", "value": 0.95, "smoothed": 0.95}
{"t": 145.65, "state": "WAKING", "event": "confidence", "value": 0.95, "smoothed": 0.95}
{"t": 146.15, "state": "WAKING", "event": "confidence", "value": 0.95, "smoothed": 0.95}
{"t": 146.65, "state": "WAKING", "event": "confidence", "value": 0.95, "smoothed": 0.95}
{"t": 147.15, "state": "WAKING", "event": "confidence", "value": 0.95, "smoothed": 0.95}
{"t": 147.651, "state": "WAKING", "event": "confidence", "value": 0.95, "smoothed": 0.95}
{"t": 148.151, "state": "WAKING", "event": "confidence", "value": 0.95, "smoothed": 0.95}
{"t": 148.651, "state": "WAKING", "event": "confidence", "value": 0.95, "smoothed": 0.95}
{"t": 149.151, "state": "WAKING", "event": "confidence", "value": 0.95, "smoothed": 0.95}
{"t": 149.652, "state": "WAKING", "event": "confidence", "value": 0.95, "smoothed": 0.95}
{"t": 150.152, "state": "WAKING", "event": "confidence", "value": 0.95, "smoothed": 0.95}
{"t": 150.652, "state": "WAKING", "event": "confidence", "value": 0.95, "smoothed": 0.95}
{"t": 151.153, "state": "WAKING", "event": "confidence", "value": 0.95, "smoothed": 0.95}
{"t": 151.653, "state": "WAKING", "event": "confidence", "value": 0.95, "smoothed": 0.95}
{"t": 152.153, "state": "WAKING", "event": "confidence", "value": 0.95, "smoothed": 0.95}
{"t": 152.653, "state": "WAKING", "event": "confidence", "value": 0.95, "smoothed": 0.95}
{"t": 153.154, "state": "WAKING", "event": "confidence", "value": 0.95, "smoothed": 0.95}
{"t": 153.654, "state": "WAKING", "event": "confidence", "value": 0.95, "smoothed": 0.95}
{"t": 154.154, "state": "WAKING", "event": "confidence", "value": 0.95, "smoothed": 0.95}
{"t": 154.654, "state": "WAKING", "event": "confidence", "value": 0.95, "smoothed": 0.95}
{"t": 155.154, "state": "WAKING", "event": "confidence", "value": 0.95, "smoothed": 0.95}
{"t": 155.655, "state": "WAKING", "event": "confidence", "value": 0.95, "smoothed": 0.95}
{"t": 156.156, "state": "WAKING", "event": "confidence", "value": 0.95, "smoothed": 0.95}
{"t": 156.656, "state": "WAKING", "event": "confidence", "value": 0.95, "smoothed": 0.95}
{"t": 157.156, "state": "WAKING", "event": "confidence", "value": 0.95, "smoothed": 0.95}
{"t": 157.656, "state": "WAKING", "event": "confidence", "value": 0.95, "smoothed": 0.95}
{"t": 158.157, "state": "WAKING", "event": "confidence", "value": 0.95, "smoothed": 0.95}
{"t": 158.657, "state": "WAKING", "event": "confidence", "value": 0.95, "smoothed": 0.95}
{"t": 159.157, "state": "WAKING", "event": "confidence", "value": 0.95, "smoothed": 0.95}
{"t": 159.657, "state": "WAKING", "event": "confidence", "value": 0.95, "smoothed": 0.95}
{"t": 160.157, "state": "WAKING", "event": "confidence", "value": 0.95, "smoothed": 0.95}
{"t": 160.657, "state": "WAKING", "event": "confidence", "value": 0.95, "smoothed": 0.95}
{"t": 161.158, "state": "WAKING", "event": "confidence", "value": 0.95, "smoothed": 0.95}
{"t": 161.24, "state": "AWAKE", "event": "awake", "wake_seconds": 154.66, "loader": {"compose_up_seconds": 3.07, "first_output_seconds": 154.65}}
[burst_0] done: latency=154.66s
cooldown up to 30.0s (baseline tj=48.375)...
[continuous_0] docker compose down + drop page cache
[continuous_0] tegrastats -> mmap_sandbox/results/burst_vs_continuous_run1/continuous_0/tegrastats.log
[continuous_0] launch watcher: /home/student/Documents/projects/wildfire_detection/.venv/bin/python3 /home/student/Documents/projects/wildfire_detection/mmap_sandbox/continuous_watcher.py --sock mmap_sandbox/results/burst_vs_continuous_run1/continuous_0/watcher.sock --log mmap_sandbox/results/burst_vs_continuous_run1/continuous_0/watch.jsonl --pace-mbps 703.0 --compose-file /home/student/Documents/projects/wildfire_detection/docker-compose_fused_system.yaml --ready-file /home/student/Documents/projects/wildfire_detection/data/out_txt --ready-timeout 300.0 --wake-at 0.85 --sleep-at 0.4 --ema-alpha 0.4
{"t": 0.0, "state": "SLEEPING", "event": "listening", "sock": "mmap_sandbox/results/burst_vs_continuous_run1/continuous_0/watcher.sock", "wake_mode": "continuous", "pace_mbps": 703.0}
[continuous_0] launch mht_sim: /home/student/Documents/projects/wildfire_detection/.venv/bin/python3 /home/student/Documents/projects/wildfire_detection/fire_watcher/mht_sim.py mmap_sandbox/results/burst_vs_continuous_run1/continuous_0/watcher.sock 0.20:5,0.95:600 --interval 0.5 --noise 0.0 --seed 42
[continuous_0] waiting for 'awake' (timeout 360s) ...
{"t": 0.133, "state": "SLEEPING", "event": "confidence", "value": 0.2, "smoothed": 0.2}
{"t": 0.633, "state": "SLEEPING", "event": "confidence", "value": 0.2, "smoothed": 0.2}
{"t": 1.133, "state": "SLEEPING", "event": "confidence", "value": 0.2, "smoothed": 0.2}
{"t": 1.633, "state": "SLEEPING", "event": "confidence", "value": 0.2, "smoothed": 0.2}
{"t": 2.134, "state": "SLEEPING", "event": "confidence", "value": 0.2, "smoothed": 0.2}
{"t": 2.634, "state": "SLEEPING", "event": "confidence", "value": 0.2, "smoothed": 0.2}
{"t": 3.134, "state": "SLEEPING", "event": "confidence", "value": 0.2, "smoothed": 0.2}
{"t": 3.635, "state": "SLEEPING", "event": "confidence", "value": 0.2, "smoothed": 0.2}
{"t": 4.135, "state": "SLEEPING", "event": "confidence", "value": 0.2, "smoothed": 0.2}
{"t": 4.635, "state": "SLEEPING", "event": "confidence", "value": 0.2, "smoothed": 0.2}
{"t": 5.135, "state": "SLEEPING", "event": "confidence", "value": 0.95, "smoothed": 0.5}
{"t": 5.636, "state": "SLEEPING", "event": "confidence", "value": 0.95, "smoothed": 0.68}
{"t": 6.136, "state": "SLEEPING", "event": "confidence", "value": 0.95, "smoothed": 0.788}
{"t": 6.636, "state": "SLEEPING", "event": "confidence", "value": 0.95, "smoothed": 0.853}
{"t": 6.637, "state": "WAKING", "event": "wake_start", "confidence": 0.8528, "from_state": "SLEEPING", "mode": "continuous"}
{"t": 7.156, "state": "WAKING", "event": "confidence", "value": 0.95, "smoothed": 0.892}
{"t": 7.66, "state": "WAKING", "event": "confidence", "value": 0.95, "smoothed": 0.915}
{"t": 8.149, "state": "WAKING", "event": "confidence", "value": 0.95, "smoothed": 0.929}
{"t": 8.668, "state": "WAKING", "event": "confidence", "value": 0.95, "smoothed": 0.937}
{"t": 9.167, "state": "WAKING", "event": "confidence", "value": 0.95, "smoothed": 0.942}
{"t": 9.671, "state": "WAKING", "event": "confidence", "value": 0.95, "smoothed": 0.945}
{"t": 10.174, "state": "WAKING", "event": "confidence", "value": 0.95, "smoothed": 0.947}
{"t": 10.671, "state": "WAKING", "event": "confidence", "value": 0.95, "smoothed": 0.948}
{"t": 11.175, "state": "WAKING", "event": "confidence", "value": 0.95, "smoothed": 0.949}
{"t": 11.665, "state": "WAKING", "event": "confidence", "value": 0.95, "smoothed": 0.949}
{"t": 12.15, "state": "WAKING", "event": "confidence", "value": 0.95, "smoothed": 0.95}
{"t": 12.38, "state": "WAKING", "event": "continuous_preload_done", "mb": 2814, "seconds": 5.74, "pace_mbps": 703}
{"t": 12.639, "state": "WAKING", "event": "confidence", "value": 0.95, "smoothed": 0.95}
{"t": 13.139, "state": "WAKING", "event": "confidence", "value": 0.95, "smoothed": 0.95}
{"t": 13.639, "state": "WAKING", "event": "confidence", "value": 0.95, "smoothed": 0.95}
{"t": 14.139, "state": "WAKING", "event": "confidence", "value": 0.95, "smoothed": 0.95}
{"t": 14.64, "state": "WAKING", "event": "confidence", "value": 0.95, "smoothed": 0.95}
{"t": 15.14, "state": "WAKING", "event": "confidence", "value": 0.95, "smoothed": 0.95}
{"t": 15.64, "state": "WAKING", "event": "confidence", "value": 0.95, "smoothed": 0.95}
{"t": 16.14, "state": "WAKING", "event": "confidence", "value": 0.95, "smoothed": 0.95}
{"t": 16.641, "state": "WAKING", "event": "confidence", "value": 0.95, "smoothed": 0.95}
{"t": 17.141, "state": "WAKING", "event": "confidence", "value": 0.95, "smoothed": 0.95}
{"t": 17.641, "state": "WAKING", "event": "confidence", "value": 0.95, "smoothed": 0.95}
{"t": 18.141, "state": "WAKING", "event": "confidence", "value": 0.95, "smoothed": 0.95}
{"t": 18.641, "state": "WAKING", "event": "confidence", "value": 0.95, "smoothed": 0.95}
{"t": 19.141, "state": "WAKING", "event": "confidence", "value": 0.95, "smoothed": 0.95}
{"t": 19.642, "state": "WAKING", "event": "confidence", "value": 0.95, "smoothed": 0.95}
{"t": 20.142, "state": "WAKING", "event": "confidence", "value": 0.95, "smoothed": 0.95}
{"t": 20.642, "state": "WAKING", "event": "confidence", "value": 0.95, "smoothed": 0.95}
{"t": 21.142, "state": "WAKING", "event": "confidence", "value": 0.95, "smoothed": 0.95}
{"t": 21.642, "state": "WAKING", "event": "confidence", "value": 0.95, "smoothed": 0.95}
{"t": 22.143, "state": "WAKING", "event": "confidence", "value": 0.95, "smoothed": 0.95}
{"t": 22.643, "state": "WAKING", "event": "confidence", "value": 0.95, "smoothed": 0.95}
{"t": 23.143, "state": "WAKING", "event": "confidence", "value": 0.95, "smoothed": 0.95}
{"t": 23.643, "state": "WAKING", "event": "confidence", "value": 0.95, "smoothed": 0.95}
{"t": 24.143, "state": "WAKING", "event": "confidence", "value": 0.95, "smoothed": 0.95}
{"t": 24.643, "state": "WAKING", "event": "confidence", "value": 0.95, "smoothed": 0.95}
{"t": 25.144, "state": "WAKING", "event": "confidence", "value": 0.95, "smoothed": 0.95}
{"t": 25.644, "state": "WAKING", "event": "confidence", "value": 0.95, "smoothed": 0.95}
{"t": 26.144, "state": "WAKING", "event": "confidence", "value": 0.95, "smoothed": 0.95}
{"t": 26.644, "state": "WAKING", "event": "confidence", "value": 0.95, "smoothed": 0.95}
{"t": 27.144, "state": "WAKING", "event": "confidence", "value": 0.95, "smoothed": 0.95}
{"t": 27.645, "state": "WAKING", "event": "confidence", "value": 0.95, "smoothed": 0.95}
{"t": 28.145, "state": "WAKING", "event": "confidence", "value": 0.95, "smoothed": 0.95}
{"t": 28.645, "state": "WAKING", "event": "confidence", "value": 0.95, "smoothed": 0.95}
{"t": 29.145, "state": "WAKING", "event": "confidence", "value": 0.95, "smoothed": 0.95}
{"t": 29.645, "state": "WAKING", "event": "confidence", "value": 0.95, "smoothed": 0.95}
{"t": 30.146, "state": "WAKING", "event": "confidence", "value": 0.95, "smoothed": 0.95}
{"t": 30.646, "state": "WAKING", "event": "confidence", "value": 0.95, "smoothed": 0.95}
{"t": 31.146, "state": "WAKING", "event": "confidence", "value": 0.95, "smoothed": 0.95}
{"t": 31.646, "state": "WAKING", "event": "confidence", "value": 0.95, "smoothed": 0.95}
{"t": 32.146, "state": "WAKING", "event": "confidence", "value": 0.95, "smoothed": 0.95}
{"t": 32.646, "state": "WAKING", "event": "confidence", "value": 0.95, "smoothed": 0.95}
{"t": 33.147, "state": "WAKING", "event": "confidence", "value": 0.95, "smoothed": 0.95}
{"t": 33.647, "state": "WAKING", "event": "confidence", "value": 0.95, "smoothed": 0.95}
{"t": 34.147, "state": "WAKING", "event": "confidence", "value": 0.95, "smoothed": 0.95}
{"t": 34.647, "state": "WAKING", "event": "confidence", "value": 0.95, "smoothed": 0.95}
{"t": 35.147, "state": "WAKING", "event": "confidence", "value": 0.95, "smoothed": 0.95}
{"t": 35.648, "state": "WAKING", "event": "confidence", "value": 0.95, "smoothed": 0.95}
{"t": 36.148, "state": "WAKING", "event": "confidence", "value": 0.95, "smoothed": 0.95}
{"t": 36.648, "state": "WAKING", "event": "confidence", "value": 0.95, "smoothed": 0.95}
{"t": 37.148, "state": "WAKING", "event": "confidence", "value": 0.95, "smoothed": 0.95}
{"t": 37.648, "state": "WAKING", "event": "confidence", "value": 0.95, "smoothed": 0.95}
{"t": 38.148, "state": "WAKING", "event": "confidence", "value": 0.95, "smoothed": 0.95}
{"t": 38.649, "state": "WAKING", "event": "confidence", "value": 0.95, "smoothed": 0.95}
{"t": 39.149, "state": "WAKING", "event": "confidence", "value": 0.95, "smoothed": 0.95}
{"t": 39.649, "state": "WAKING", "event": "confidence", "value": 0.95, "smoothed": 0.95}
{"t": 40.149, "state": "WAKING", "event": "confidence", "value": 0.95, "smoothed": 0.95}
{"t": 40.649, "state": "WAKING", "event": "confidence", "value": 0.95, "smoothed": 0.95}
{"t": 41.15, "state": "WAKING", "event": "confidence", "value": 0.95, "smoothed": 0.95}
{"t": 41.65, "state": "WAKING", "event": "confidence", "value": 0.95, "smoothed": 0.95}
{"t": 42.15, "state": "WAKING", "event": "confidence", "value": 0.95, "smoothed": 0.95}
{"t": 42.65, "state": "WAKING", "event": "confidence", "value": 0.95, "smoothed": 0.95}
{"t": 43.15, "state": "WAKING", "event": "confidence", "value": 0.95, "smoothed": 0.95}
{"t": 43.65, "state": "WAKING", "event": "confidence", "value": 0.95, "smoothed": 0.95}
{"t": 44.151, "state": "WAKING", "event": "confidence", "value": 0.95, "smoothed": 0.95}
{"t": 44.651, "state": "WAKING", "event": "confidence", "value": 0.95, "smoothed": 0.95}
{"t": 45.151, "state": "WAKING", "event": "confidence", "value": 0.95, "smoothed": 0.95}
{"t": 45.651, "state": "WAKING", "event": "confidence", "value": 0.95, "smoothed": 0.95}
{"t": 46.151, "state": "WAKING", "event": "confidence", "value": 0.95, "smoothed": 0.95}
{"t": 46.652, "state": "WAKING", "event": "confidence", "value": 0.95, "smoothed": 0.95}
{"t": 47.152, "state": "WAKING", "event": "confidence", "value": 0.95, "smoothed": 0.95}
{"t": 47.652, "state": "WAKING", "event": "confidence", "value": 0.95, "smoothed": 0.95}
{"t": 48.152, "state": "WAKING", "event": "confidence", "value": 0.95, "smoothed": 0.95}
{"t": 48.652, "state": "WAKING", "event": "confidence", "value": 0.95, "smoothed": 0.95}
{"t": 49.152, "state": "WAKING", "event": "confidence", "value": 0.95, "smoothed": 0.95}
{"t": 49.653, "state": "WAKING", "event": "confidence", "value": 0.95, "smoothed": 0.95}
{"t": 50.153, "state": "WAKING", "event": "confidence", "value": 0.95, "smoothed": 0.95}
{"t": 50.653, "state": "WAKING", "event": "confidence", "value": 0.95, "smoothed": 0.95}
{"t": 51.153, "state": "WAKING", "event": "confidence", "value": 0.95, "smoothed": 0.95}
{"t": 51.653, "state": "WAKING", "event": "confidence", "value": 0.95, "smoothed": 0.95}
{"t": 52.154, "state": "WAKING", "event": "confidence", "value": 0.95, "smoothed": 0.95}
{"t": 52.654, "state": "WAKING", "event": "confidence", "value": 0.95, "smoothed": 0.95}
{"t": 53.154, "state": "WAKING", "event": "confidence", "value": 0.95, "smoothed": 0.95}
{"t": 53.654, "state": "WAKING", "event": "confidence", "value": 0.95, "smoothed": 0.95}
{"t": 54.155, "state": "WAKING", "event": "confidence", "value": 0.95, "smoothed": 0.95}
{"t": 54.655, "state": "WAKING", "event": "confidence", "value": 0.95, "smoothed": 0.95}
{"t": 55.155, "state": "WAKING", "event": "confidence", "value": 0.95, "smoothed": 0.95}
{"t": 55.655, "state": "WAKING", "event": "confidence", "value": 0.95, "smoothed": 0.95}
{"t": 56.155, "state": "WAKING", "event": "confidence", "value": 0.95, "smoothed": 0.95}
{"t": 56.655, "state": "WAKING", "event": "confidence", "value": 0.95, "smoothed": 0.95}
{"t": 57.155, "state": "WAKING", "event": "confidence", "value": 0.95, "smoothed": 0.95}
{"t": 57.656, "state": "WAKING", "event": "confidence", "value": 0.95, "smoothed": 0.95}
{"t": 58.156, "state": "WAKING", "event": "confidence", "value": 0.95, "smoothed": 0.95}
{"t": 58.656, "state": "WAKING", "event": "confidence", "value": 0.95, "smoothed": 0.95}
{"t": 59.156, "state": "WAKING", "event": "confidence", "value": 0.95, "smoothed": 0.95}
{"t": 59.657, "state": "WAKING", "event": "confidence", "value": 0.95, "smoothed": 0.95}
{"t": 60.157, "state": "WAKING", "event": "confidence", "value": 0.95, "smoothed": 0.95}
{"t": 60.657, "state": "WAKING", "event": "confidence", "value": 0.95, "smoothed": 0.95}
{"t": 61.157, "state": "WAKING", "event": "confidence", "value": 0.95, "smoothed": 0.95}
{"t": 61.657, "state": "WAKING", "event": "confidence", "value": 0.95, "smoothed": 0.95}
{"t": 62.158, "state": "WAKING", "event": "confidence", "value": 0.95, "smoothed": 0.95}
{"t": 62.658, "state": "WAKING", "event": "confidence", "value": 0.95, "smoothed": 0.95}
{"t": 63.158, "state": "WAKING", "event": "confidence", "value": 0.95, "smoothed": 0.95}
{"t": 63.658, "state": "WAKING", "event": "confidence", "value": 0.95, "smoothed": 0.95}
{"t": 64.158, "state": "WAKING", "event": "confidence", "value": 0.95, "smoothed": 0.95}
{"t": 64.659, "state": "WAKING", "event": "confidence", "value": 0.95, "smoothed": 0.95}
{"t": 65.159, "state": "WAKING", "event": "confidence", "value": 0.95, "smoothed": 0.95}
{"t": 65.66, "state": "WAKING", "event": "confidence", "value": 0.95, "smoothed": 0.95}
{"t": 66.16, "state": "WAKING", "event": "confidence", "value": 0.95, "smoothed": 0.95}
{"t": 66.66, "state": "WAKING", "event": "confidence", "value": 0.95, "smoothed": 0.95}
{"t": 67.16, "state": "WAKING", "event": "confidence", "value": 0.95, "smoothed": 0.95}
{"t": 67.66, "state": "WAKING", "event": "confidence", "value": 0.95, "smoothed": 0.95}
{"t": 68.161, "state": "WAKING", "event": "confidence", "value": 0.95, "smoothed": 0.95}
{"t": 68.661, "state": "WAKING", "event": "confidence", "value": 0.95, "smoothed": 0.95}
{"t": 69.161, "state": "WAKING", "event": "confidence", "value": 0.95, "smoothed": 0.95}
{"t": 69.661, "state": "WAKING", "event": "confidence", "value": 0.95, "smoothed": 0.95}
{"t": 70.161, "state": "WAKING", "event": "confidence", "value": 0.95, "smoothed": 0.95}
{"t": 70.662, "state": "WAKING", "event": "confidence", "value": 0.95, "smoothed": 0.95}
{"t": 71.164, "state": "WAKING", "event": "confidence", "value": 0.95, "smoothed": 0.95}
{"t": 71.664, "state": "WAKING", "event": "confidence", "value": 0.95, "smoothed": 0.95}
{"t": 72.164, "state": "WAKING", "event": "confidence", "value": 0.95, "smoothed": 0.95}
{"t": 72.664, "state": "WAKING", "event": "confidence", "value": 0.95, "smoothed": 0.95}
{"t": 73.164, "state": "WAKING", "event": "confidence", "value": 0.95, "smoothed": 0.95}
{"t": 73.665, "state": "WAKING", "event": "confidence", "value": 0.95, "smoothed": 0.95}
{"t": 74.166, "state": "WAKING", "event": "confidence", "value": 0.95, "smoothed": 0.95}
{"t": 74.666, "state": "WAKING", "event": "confidence", "value": 0.95, "smoothed": 0.95}
{"t": 75.167, "state": "WAKING", "event": "confidence", "value": 0.95, "smoothed": 0.95}
{"t": 75.667, "state": "WAKING", "event": "confidence", "value": 0.95, "smoothed": 0.95}
{"t": 76.167, "state": "WAKING", "event": "confidence", "value": 0.95, "smoothed": 0.95}
{"t": 76.668, "state": "WAKING", "event": "confidence", "value": 0.95, "smoothed": 0.95}
{"t": 77.168, "state": "WAKING", "event": "confidence", "value": 0.95, "smoothed": 0.95}
{"t": 77.668, "state": "WAKING", "event": "confidence", "value": 0.95, "smoothed": 0.95}
{"t": 78.168, "state": "WAKING", "event": "confidence", "value": 0.95, "smoothed": 0.95}
{"t": 78.669, "state": "WAKING", "event": "confidence", "value": 0.95, "smoothed": 0.95}
{"t": 79.17, "state": "WAKING", "event": "confidence", "value": 0.95, "smoothed": 0.95}
{"t": 79.669, "state": "WAKING", "event": "confidence", "value": 0.95, "smoothed": 0.95}
{"t": 80.17, "state": "WAKING", "event": "confidence", "value": 0.95, "smoothed": 0.95}
{"t": 80.67, "state": "WAKING", "event": "confidence", "value": 0.95, "smoothed": 0.95}
{"t": 81.17, "state": "WAKING", "event": "confidence", "value": 0.95, "smoothed": 0.95}
{"t": 81.67, "state": "WAKING", "event": "confidence", "value": 0.95, "smoothed": 0.95}
{"t": 82.171, "state": "WAKING", "event": "confidence", "value": 0.95, "smoothed": 0.95}
{"t": 82.671, "state": "WAKING", "event": "confidence", "value": 0.95, "smoothed": 0.95}
{"t": 83.171, "state": "WAKING", "event": "confidence", "value": 0.95, "smoothed": 0.95}
{"t": 83.671, "state": "WAKING", "event": "confidence", "value": 0.95, "smoothed": 0.95}
{"t": 84.172, "state": "WAKING", "event": "confidence", "value": 0.95, "smoothed": 0.95}
{"t": 84.672, "state": "WAKING", "event": "confidence", "value": 0.95, "smoothed": 0.95}
{"t": 85.172, "state": "WAKING", "event": "confidence", "value": 0.95, "smoothed": 0.95}
{"t": 85.672, "state": "WAKING", "event": "confidence", "value": 0.95, "smoothed": 0.95}
{"t": 86.173, "state": "WAKING", "event": "confidence", "value": 0.95, "smoothed": 0.95}
{"t": 86.673, "state": "WAKING", "event": "confidence", "value": 0.95, "smoothed": 0.95}
{"t": 87.173, "state": "WAKING", "event": "confidence", "value": 0.95, "smoothed": 0.95}
{"t": 87.674, "state": "WAKING", "event": "confidence", "value": 0.95, "smoothed": 0.95}
{"t": 88.174, "state": "WAKING", "event": "confidence", "value": 0.95, "smoothed": 0.95}
{"t": 88.674, "state": "WAKING", "event": "confidence", "value": 0.95, "smoothed": 0.95}
{"t": 89.174, "state": "WAKING", "event": "confidence", "value": 0.95, "smoothed": 0.95}
{"t": 89.675, "state": "WAKING", "event": "confidence", "value": 0.95, "smoothed": 0.95}
{"t": 90.175, "state": "WAKING", "event": "confidence", "value": 0.95, "smoothed": 0.95}
{"t": 90.675, "state": "WAKING", "event": "confidence", "value": 0.95, "smoothed": 0.95}
{"t": 91.175, "state": "WAKING", "event": "confidence", "value": 0.95, "smoothed": 0.95}
{"t": 91.676, "state": "WAKING", "event": "confidence", "value": 0.95, "smoothed": 0.95}
{"t": 92.176, "state": "WAKING", "event": "confidence", "value": 0.95, "smoothed": 0.95}
{"t": 92.676, "state": "WAKING", "event": "confidence", "value": 0.95, "smoothed": 0.95}
{"t": 93.177, "state": "WAKING", "event": "confidence", "value": 0.95, "smoothed": 0.95}
{"t": 93.677, "state": "WAKING", "event": "confidence", "value": 0.95, "smoothed": 0.95}
{"t": 94.177, "state": "WAKING", "event": "confidence", "value": 0.95, "smoothed": 0.95}
{"t": 94.677, "state": "WAKING", "event": "confidence", "value": 0.95, "smoothed": 0.95}
{"t": 95.178, "state": "WAKING", "event": "confidence", "value": 0.95, "smoothed": 0.95}
{"t": 95.678, "state": "WAKING", "event": "confidence", "value": 0.95, "smoothed": 0.95}
{"t": 96.178, "state": "WAKING", "event": "confidence", "value": 0.95, "smoothed": 0.95}
{"t": 96.679, "state": "WAKING", "event": "confidence", "value": 0.95, "smoothed": 0.95}
{"t": 97.179, "state": "WAKING", "event": "confidence", "value": 0.95, "smoothed": 0.95}
{"t": 97.679, "state": "WAKING", "event": "confidence", "value": 0.95, "smoothed": 0.95}
{"t": 98.179, "state": "WAKING", "event": "confidence", "value": 0.95, "smoothed": 0.95}
{"t": 98.679, "state": "WAKING", "event": "confidence", "value": 0.95, "smoothed": 0.95}
{"t": 99.18, "state": "WAKING", "event": "confidence", "value": 0.95, "smoothed": 0.95}
{"t": 99.68, "state": "WAKING", "event": "confidence", "value": 0.95, "smoothed": 0.95}
{"t": 100.18, "state": "WAKING", "event": "confidence", "value": 0.95, "smoothed": 0.95}
{"t": 100.681, "state": "WAKING", "event": "confidence", "value": 0.95, "smoothed": 0.95}
{"t": 101.181, "state": "WAKING", "event": "confidence", "value": 0.95, "smoothed": 0.95}
{"t": 101.681, "state": "WAKING", "event": "confidence", "value": 0.95, "smoothed": 0.95}
{"t": 102.181, "state": "WAKING", "event": "confidence", "value": 0.95, "smoothed": 0.95}
{"t": 102.681, "state": "WAKING", "event": "confidence", "value": 0.95, "smoothed": 0.95}
{"t": 103.181, "state": "WAKING", "event": "confidence", "value": 0.95, "smoothed": 0.95}
{"t": 103.682, "state": "WAKING", "event": "confidence", "value": 0.95, "smoothed": 0.95}
{"t": 104.182, "state": "WAKING", "event": "confidence", "value": 0.95, "smoothed": 0.95}
{"t": 104.682, "state": "WAKING", "event": "confidence", "value": 0.95, "smoothed": 0.95}
{"t": 105.182, "state": "WAKING", "event": "confidence", "value": 0.95, "smoothed": 0.95}
{"t": 105.683, "state": "WAKING", "event": "confidence", "value": 0.95, "smoothed": 0.95}
{"t": 106.183, "state": "WAKING", "event": "confidence", "value": 0.95, "smoothed": 0.95}
{"t": 106.683, "state": "WAKING", "event": "confidence", "value": 0.95, "smoothed": 0.95}
{"t": 107.183, "state": "WAKING", "event": "confidence", "value": 0.95, "smoothed": 0.95}
{"t": 107.684, "state": "WAKING", "event": "confidence", "value": 0.95, "smoothed": 0.95}
{"t": 108.184, "state": "WAKING", "event": "confidence", "value": 0.95, "smoothed": 0.95}
{"t": 108.684, "state": "WAKING", "event": "confidence", "value": 0.95, "smoothed": 0.95}
{"t": 109.184, "state": "WAKING", "event": "confidence", "value": 0.95, "smoothed": 0.95}
{"t": 109.685, "state": "WAKING", "event": "confidence", "value": 0.95, "smoothed": 0.95}
{"t": 110.185, "state": "WAKING", "event": "confidence", "value": 0.95, "smoothed": 0.95}
{"t": 110.685, "state": "WAKING", "event": "confidence", "value": 0.95, "smoothed": 0.95}
{"t": 111.186, "state": "WAKING", "event": "confidence", "value": 0.95, "smoothed": 0.95}
{"t": 111.685, "state": "WAKING", "event": "confidence", "value": 0.95, "smoothed": 0.95}
{"t": 112.186, "state": "WAKING", "event": "confidence", "value": 0.95, "smoothed": 0.95}
{"t": 112.686, "state": "WAKING", "event": "confidence", "value": 0.95, "smoothed": 0.95}
{"t": 113.186, "state": "WAKING", "event": "confidence", "value": 0.95, "smoothed": 0.95}
{"t": 113.686, "state": "WAKING", "event": "confidence", "value": 0.95, "smoothed": 0.95}
{"t": 114.187, "state": "WAKING", "event": "confidence", "value": 0.95, "smoothed": 0.95}
{"t": 114.687, "state": "WAKING", "event": "confidence", "value": 0.95, "smoothed": 0.95}
{"t": 115.187, "state": "WAKING", "event": "confidence", "value": 0.95, "smoothed": 0.95}
{"t": 115.687, "state": "WAKING", "event": "confidence", "value": 0.95, "smoothed": 0.95}
{"t": 116.188, "state": "WAKING", "event": "confidence", "value": 0.95, "smoothed": 0.95}
{"t": 116.688, "state": "WAKING", "event": "confidence", "value": 0.95, "smoothed": 0.95}
{"t": 117.188, "state": "WAKING", "event": "confidence", "value": 0.95, "smoothed": 0.95}
{"t": 117.688, "state": "WAKING", "event": "confidence", "value": 0.95, "smoothed": 0.95}
{"t": 118.188, "state": "WAKING", "event": "confidence", "value": 0.95, "smoothed": 0.95}
{"t": 118.689, "state": "WAKING", "event": "confidence", "value": 0.95, "smoothed": 0.95}
{"t": 119.189, "state": "WAKING", "event": "confidence", "value": 0.95, "smoothed": 0.95}
{"t": 119.689, "state": "WAKING", "event": "confidence", "value": 0.95, "smoothed": 0.95}
{"t": 120.189, "state": "WAKING", "event": "confidence", "value": 0.95, "smoothed": 0.95}
{"t": 120.689, "state": "WAKING", "event": "confidence", "value": 0.95, "smoothed": 0.95}
{"t": 121.189, "state": "WAKING", "event": "confidence", "value": 0.95, "smoothed": 0.95}
{"t": 121.69, "state": "WAKING", "event": "confidence", "value": 0.95, "smoothed": 0.95}
{"t": 122.19, "state": "WAKING", "event": "confidence", "value": 0.95, "smoothed": 0.95}
{"t": 122.69, "state": "WAKING", "event": "confidence", "value": 0.95, "smoothed": 0.95}
{"t": 123.19, "state": "WAKING", "event": "confidence", "value": 0.95, "smoothed": 0.95}
{"t": 123.69, "state": "WAKING", "event": "confidence", "value": 0.95, "smoothed": 0.95}
{"t": 124.191, "state": "WAKING", "event": "confidence", "value": 0.95, "smoothed": 0.95}
{"t": 124.691, "state": "WAKING", "event": "confidence", "value": 0.95, "smoothed": 0.95}
{"t": 125.191, "state": "WAKING", "event": "confidence", "value": 0.95, "smoothed": 0.95}
{"t": 125.691, "state": "WAKING", "event": "confidence", "value": 0.95, "smoothed": 0.95}
{"t": 126.191, "state": "WAKING", "event": "confidence", "value": 0.95, "smoothed": 0.95}
{"t": 126.692, "state": "WAKING", "event": "confidence", "value": 0.95, "smoothed": 0.95}
{"t": 127.192, "state": "WAKING", "event": "confidence", "value": 0.95, "smoothed": 0.95}
{"t": 127.692, "state": "WAKING", "event": "confidence", "value": 0.95, "smoothed": 0.95}
{"t": 128.193, "state": "WAKING", "event": "confidence", "value": 0.95, "smoothed": 0.95}
{"t": 128.693, "state": "WAKING", "event": "confidence", "value": 0.95, "smoothed": 0.95}
{"t": 129.193, "state": "WAKING", "event": "confidence", "value": 0.95, "smoothed": 0.95}
{"t": 129.693, "state": "WAKING", "event": "confidence", "value": 0.95, "smoothed": 0.95}
{"t": 130.194, "state": "WAKING", "event": "confidence", "value": 0.95, "smoothed": 0.95}
{"t": 130.694, "state": "WAKING", "event": "confidence", "value": 0.95, "smoothed": 0.95}
{"t": 131.194, "state": "WAKING", "event": "confidence", "value": 0.95, "smoothed": 0.95}
{"t": 131.694, "state": "WAKING", "event": "confidence", "value": 0.95, "smoothed": 0.95}
{"t": 132.194, "state": "WAKING", "event": "confidence", "value": 0.95, "smoothed": 0.95}
{"t": 132.695, "state": "WAKING", "event": "confidence", "value": 0.95, "smoothed": 0.95}
{"t": 133.195, "state": "WAKING", "event": "confidence", "value": 0.95, "smoothed": 0.95}
{"t": 133.695, "state": "WAKING", "event": "confidence", "value": 0.95, "smoothed": 0.95}
{"t": 134.196, "state": "WAKING", "event": "confidence", "value": 0.95, "smoothed": 0.95}
{"t": 134.696, "state": "WAKING", "event": "confidence", "value": 0.95, "smoothed": 0.95}
{"t": 135.196, "state": "WAKING", "event": "confidence", "value": 0.95, "smoothed": 0.95}
{"t": 135.696, "state": "WAKING", "event": "confidence", "value": 0.95, "smoothed": 0.95}
{"t": 136.197, "state": "WAKING", "event": "confidence", "value": 0.95, "smoothed": 0.95}
{"t": 136.697, "state": "WAKING", "event": "confidence", "value": 0.95, "smoothed": 0.95}
{"t": 137.197, "state": "WAKING", "event": "confidence", "value": 0.95, "smoothed": 0.95}
{"t": 137.697, "state": "WAKING", "event": "confidence", "value": 0.95, "smoothed": 0.95}
{"t": 138.197, "state": "WAKING", "event": "confidence", "value": 0.95, "smoothed": 0.95}
{"t": 138.698, "state": "WAKING", "event": "confidence", "value": 0.95, "smoothed": 0.95}
{"t": 139.198, "state": "WAKING", "event": "confidence", "value": 0.95, "smoothed": 0.95}
{"t": 139.698, "state": "WAKING", "event": "confidence", "value": 0.95, "smoothed": 0.95}
{"t": 140.198, "state": "WAKING", "event": "confidence", "value": 0.95, "smoothed": 0.95}
{"t": 140.699, "state": "WAKING", "event": "confidence", "value": 0.95, "smoothed": 0.95}
{"t": 141.199, "state": "WAKING", "event": "confidence", "value": 0.95, "smoothed": 0.95}
{"t": 141.699, "state": "WAKING", "event": "confidence", "value": 0.95, "smoothed": 0.95}
{"t": 142.199, "state": "WAKING", "event": "confidence", "value": 0.95, "smoothed": 0.95}
{"t": 142.699, "state": "WAKING", "event": "confidence", "value": 0.95, "smoothed": 0.95}
{"t": 143.2, "state": "WAKING", "event": "confidence", "value": 0.95, "smoothed": 0.95}
{"t": 143.7, "state": "WAKING", "event": "confidence", "value": 0.95, "smoothed": 0.95}
{"t": 144.2, "state": "WAKING", "event": "confidence", "value": 0.95, "smoothed": 0.95}
{"t": 144.7, "state": "WAKING", "event": "confidence", "value": 0.95, "smoothed": 0.95}
{"t": 145.201, "state": "WAKING", "event": "confidence", "value": 0.95, "smoothed": 0.95}
{"t": 145.701, "state": "WAKING", "event": "confidence", "value": 0.95, "smoothed": 0.95}
{"t": 146.202, "state": "WAKING", "event": "confidence", "value": 0.95, "smoothed": 0.95}
{"t": 146.701, "state": "WAKING", "event": "confidence", "value": 0.95, "smoothed": 0.95}
{"t": 147.202, "state": "WAKING", "event": "confidence", "value": 0.95, "smoothed": 0.95}
{"t": 147.702, "state": "WAKING", "event": "confidence", "value": 0.95, "smoothed": 0.95}
{"t": 148.202, "state": "WAKING", "event": "confidence", "value": 0.95, "smoothed": 0.95}
{"t": 148.702, "state": "WAKING", "event": "confidence", "value": 0.95, "smoothed": 0.95}
{"t": 149.203, "state": "WAKING", "event": "confidence", "value": 0.95, "smoothed": 0.95}
{"t": 149.703, "state": "WAKING", "event": "confidence", "value": 0.95, "smoothed": 0.95}
{"t": 150.203, "state": "WAKING", "event": "confidence", "value": 0.95, "smoothed": 0.95}
{"t": 150.703, "state": "WAKING", "event": "confidence", "value": 0.95, "smoothed": 0.95}
{"t": 151.204, "state": "WAKING", "event": "confidence", "value": 0.95, "smoothed": 0.95}
{"t": 151.704, "state": "WAKING", "event": "confidence", "value": 0.95, "smoothed": 0.95}
{"t": 152.204, "state": "WAKING", "event": "confidence", "value": 0.95, "smoothed": 0.95}
{"t": 152.704, "state": "WAKING", "event": "confidence", "value": 0.95, "smoothed": 0.95}
{"t": 153.205, "state": "WAKING", "event": "confidence", "value": 0.95, "smoothed": 0.95}
{"t": 153.705, "state": "WAKING", "event": "confidence", "value": 0.95, "smoothed": 0.95}
{"t": 154.205, "state": "WAKING", "event": "confidence", "value": 0.95, "smoothed": 0.95}
{"t": 154.705, "state": "WAKING", "event": "confidence", "value": 0.95, "smoothed": 0.95}
{"t": 155.206, "state": "WAKING", "event": "confidence", "value": 0.95, "smoothed": 0.95}
{"t": 155.706, "state": "WAKING", "event": "confidence", "value": 0.95, "smoothed": 0.95}
{"t": 156.207, "state": "WAKING", "event": "confidence", "value": 0.95, "smoothed": 0.95}
{"t": 156.708, "state": "WAKING", "event": "confidence", "value": 0.95, "smoothed": 0.95}
{"t": 157.208, "state": "WAKING", "event": "confidence", "value": 0.95, "smoothed": 0.95}
{"t": 157.708, "state": "WAKING", "event": "confidence", "value": 0.95, "smoothed": 0.95}
{"t": 158.208, "state": "WAKING", "event": "confidence", "value": 0.95, "smoothed": 0.95}
{"t": 158.708, "state": "WAKING", "event": "confidence", "value": 0.95, "smoothed": 0.95}
{"t": 159.209, "state": "WAKING", "event": "confidence", "value": 0.95, "smoothed": 0.95}
{"t": 159.709, "state": "WAKING", "event": "confidence", "value": 0.95, "smoothed": 0.95}
{"t": 160.209, "state": "WAKING", "event": "confidence", "value": 0.95, "smoothed": 0.95}
{"t": 160.588, "state": "AWAKE", "event": "awake", "wake_seconds": 153.95, "loader": {"compose_up_seconds": 2.91, "first_output_seconds": 148.2}}
{"t": 160.709, "state": "AWAKE", "event": "confidence", "value": 0.95, "smoothed": 0.95}
{"t": 161.21, "state": "AWAKE", "event": "confidence", "value": 0.95, "smoothed": 0.95}
[continuous_0] done: latency=153.95s
cooldown up to 30.0s (baseline tj=50.906)...
[burst_1] docker compose down + drop page cache
[burst_1] tegrastats -> mmap_sandbox/results/burst_vs_continuous_run1/burst_1/tegrastats.log
[burst_1] launch watcher: /home/student/Documents/projects/wildfire_detection/.venv/bin/python3 /home/student/Documents/projects/wildfire_detection/fire_watcher/fire_watcher.py --sock mmap_sandbox/results/burst_vs_continuous_run1/burst_1/watcher.sock --wake-mode compose --log mmap_sandbox/results/burst_vs_continuous_run1/burst_1/watch.jsonl --compose-file /home/student/Documents/projects/wildfire_detection/docker-compose_fused_system.yaml --ready-file /home/student/Documents/projects/wildfire_detection/data/out_txt --ready-timeout 300.0 --prewarm-at 0.85 --wake-at 0.85 --sleep-at 0.4 --ema-alpha 0.4
{"t": 0.0, "state": "SLEEPING", "event": "listening", "sock": "mmap_sandbox/results/burst_vs_continuous_run1/burst_1/watcher.sock", "wake_mode": "compose"}
[burst_1] launch mht_sim: /home/student/Documents/projects/wildfire_detection/.venv/bin/python3 /home/student/Documents/projects/wildfire_detection/fire_watcher/mht_sim.py mmap_sandbox/results/burst_vs_continuous_run1/burst_1/watcher.sock 0.20:5,0.95:600 --interval 0.5 --noise 0.0 --seed 42
[burst_1] waiting for 'awake' (timeout 360s) ...
{"t": 0.15, "state": "SLEEPING", "event": "confidence", "value": 0.2, "smoothed": 0.2}
{"t": 0.65, "state": "SLEEPING", "event": "confidence", "value": 0.2, "smoothed": 0.2}
{"t": 1.151, "state": "SLEEPING", "event": "confidence", "value": 0.2, "smoothed": 0.2}
{"t": 1.651, "state": "SLEEPING", "event": "confidence", "value": 0.2, "smoothed": 0.2}
{"t": 2.151, "state": "SLEEPING", "event": "confidence", "value": 0.2, "smoothed": 0.2}
{"t": 2.652, "state": "SLEEPING", "event": "confidence", "value": 0.2, "smoothed": 0.2}
{"t": 3.152, "state": "SLEEPING", "event": "confidence", "value": 0.2, "smoothed": 0.2}
{"t": 3.652, "state": "SLEEPING", "event": "confidence", "value": 0.2, "smoothed": 0.2}
{"t": 4.152, "state": "SLEEPING", "event": "confidence", "value": 0.2, "smoothed": 0.2}
{"t": 4.653, "state": "SLEEPING", "event": "confidence", "value": 0.2, "smoothed": 0.2}
{"t": 5.153, "state": "SLEEPING", "event": "confidence", "value": 0.95, "smoothed": 0.5}
{"t": 5.653, "state": "SLEEPING", "event": "confidence", "value": 0.95, "smoothed": 0.68}
{"t": 6.153, "state": "SLEEPING", "event": "confidence", "value": 0.95, "smoothed": 0.788}
{"t": 6.654, "state": "SLEEPING", "event": "confidence", "value": 0.95, "smoothed": 0.853}
{"t": 6.655, "state": "WAKING", "event": "wake_start", "confidence": 0.8528, "from_state": "SLEEPING"}
{"t": 7.154, "state": "WAKING", "event": "confidence", "value": 0.95, "smoothed": 0.892}
{"t": 7.654, "state": "WAKING", "event": "confidence", "value": 0.95, "smoothed": 0.915}
{"t": 8.154, "state": "WAKING", "event": "confidence", "value": 0.95, "smoothed": 0.929}
{"t": 8.654, "state": "WAKING", "event": "confidence", "value": 0.95, "smoothed": 0.937}
{"t": 9.154, "state": "WAKING", "event": "confidence", "value": 0.95, "smoothed": 0.942}
{"t": 9.655, "state": "WAKING", "event": "confidence", "value": 0.95, "smoothed": 0.945}
{"t": 10.155, "state": "WAKING", "event": "confidence", "value": 0.95, "smoothed": 0.947}
{"t": 10.655, "state": "WAKING", "event": "confidence", "value": 0.95, "smoothed": 0.948}
{"t": 11.155, "state": "WAKING", "event": "confidence", "value": 0.95, "smoothed": 0.949}
{"t": 11.655, "state": "WAKING", "event": "confidence", "value": 0.95, "smoothed": 0.949}
{"t": 12.156, "state": "WAKING", "event": "confidence", "value": 0.95, "smoothed": 0.95}
{"t": 12.656, "state": "WAKING", "event": "confidence", "value": 0.95, "smoothed": 0.95}
{"t": 13.156, "state": "WAKING", "event": "confidence", "value": 0.95, "smoothed": 0.95}
{"t": 13.656, "state": "WAKING", "event": "confidence", "value": 0.95, "smoothed": 0.95}
{"t": 14.156, "state": "WAKING", "event": "confidence", "value": 0.95, "smoothed": 0.95}
{"t": 14.656, "state": "WAKING", "event": "confidence", "value": 0.95, "smoothed": 0.95}
{"t": 15.157, "state": "WAKING", "event": "confidence", "value": 0.95, "smoothed": 0.95}
{"t": 15.657, "state": "WAKING", "event": "confidence", "value": 0.95, "smoothed": 0.95}
{"t": 16.157, "state": "WAKING", "event": "confidence", "value": 0.95, "smoothed": 0.95}
{"t": 16.657, "state": "WAKING", "event": "confidence", "value": 0.95, "smoothed": 0.95}
{"t": 17.157, "state": "WAKING", "event": "confidence", "value": 0.95, "smoothed": 0.95}
{"t": 17.658, "state": "WAKING", "event": "confidence", "value": 0.95, "smoothed": 0.95}
{"t": 18.158, "state": "WAKING", "event": "confidence", "value": 0.95, "smoothed": 0.95}
{"t": 18.658, "state": "WAKING", "event": "confidence", "value": 0.95, "smoothed": 0.95}
{"t": 19.158, "state": "WAKING", "event": "confidence", "value": 0.95, "smoothed": 0.95}
{"t": 19.658, "state": "WAKING", "event": "confidence", "value": 0.95, "smoothed": 0.95}
{"t": 20.158, "state": "WAKING", "event": "confidence", "value": 0.95, "smoothed": 0.95}
{"t": 20.659, "state": "WAKING", "event": "confidence", "value": 0.95, "smoothed": 0.95}
{"t": 21.159, "state": "WAKING", "event": "confidence", "value": 0.95, "smoothed": 0.95}
{"t": 21.659, "state": "WAKING", "event": "confidence", "value": 0.95, "smoothed": 0.95}
{"t": 22.159, "state": "WAKING", "event": "confidence", "value": 0.95, "smoothed": 0.95}
{"t": 22.659, "state": "WAKING", "event": "confidence", "value": 0.95, "smoothed": 0.95}
{"t": 23.16, "state": "WAKING", "event": "confidence", "value": 0.95, "smoothed": 0.95}
{"t": 23.66, "state": "WAKING", "event": "confidence", "value": 0.95, "smoothed": 0.95}
{"t": 24.16, "state": "WAKING", "event": "confidence", "value": 0.95, "smoothed": 0.95}
{"t": 24.66, "state": "WAKING", "event": "confidence", "value": 0.95, "smoothed": 0.95}
{"t": 25.16, "state": "WAKING", "event": "confidence", "value": 0.95, "smoothed": 0.95}
{"t": 25.66, "state": "WAKING", "event": "confidence", "value": 0.95, "smoothed": 0.95}
{"t": 26.161, "state": "WAKING", "event": "confidence", "value": 0.95, "smoothed": 0.95}
{"t": 26.661, "state": "WAKING", "event": "confidence", "value": 0.95, "smoothed": 0.95}
{"t": 27.161, "state": "WAKING", "event": "confidence", "value": 0.95, "smoothed": 0.95}
{"t": 27.661, "state": "WAKING", "event": "confidence", "value": 0.95, "smoothed": 0.95}
{"t": 28.161, "state": "WAKING", "event": "confidence", "value": 0.95, "smoothed": 0.95}
{"t": 28.662, "state": "WAKING", "event": "confidence", "value": 0.95, "smoothed": 0.95}
{"t": 29.162, "state": "WAKING", "event": "confidence", "value": 0.95, "smoothed": 0.95}
{"t": 29.662, "state": "WAKING", "event": "confidence", "value": 0.95, "smoothed": 0.95}
{"t": 30.162, "state": "WAKING", "event": "confidence", "value": 0.95, "smoothed": 0.95}
{"t": 30.662, "state": "WAKING", "event": "confidence", "value": 0.95, "smoothed": 0.95}
{"t": 31.163, "state": "WAKING", "event": "confidence", "value": 0.95, "smoothed": 0.95}
{"t": 31.663, "state": "WAKING", "event": "confidence", "value": 0.95, "smoothed": 0.95}
{"t": 32.163, "state": "WAKING", "event": "confidence", "value": 0.95, "smoothed": 0.95}
{"t": 32.663, "state": "WAKING", "event": "confidence", "value": 0.95, "smoothed": 0.95}
{"t": 33.164, "state": "WAKING", "event": "confidence", "value": 0.95, "smoothed": 0.95}
{"t": 33.664, "state": "WAKING", "event": "confidence", "value": 0.95, "smoothed": 0.95}
{"t": 34.164, "state": "WAKING", "event": "confidence", "value": 0.95, "smoothed": 0.95}
{"t": 34.665, "state": "WAKING", "event": "confidence", "value": 0.95, "smoothed": 0.95}
{"t": 35.165, "state": "WAKING", "event": "confidence", "value": 0.95, "smoothed": 0.95}
{"t": 35.665, "state": "WAKING", "event": "confidence", "value": 0.95, "smoothed": 0.95}
{"t": 36.165, "state": "WAKING", "event": "confidence", "value": 0.95, "smoothed": 0.95}
{"t": 36.665, "state": "WAKING", "event": "confidence", "value": 0.95, "smoothed": 0.95}
{"t": 37.165, "state": "WAKING", "event": "confidence", "value": 0.95, "smoothed": 0.95}
{"t": 37.666, "state": "WAKING", "event": "confidence", "value": 0.95, "smoothed": 0.95}
{"t": 38.166, "state": "WAKING", "event": "confidence", "value": 0.95, "smoothed": 0.95}
{"t": 38.666, "state": "WAKING", "event": "confidence", "value": 0.95, "smoothed": 0.95}
{"t": 39.166, "state": "WAKING", "event": "confidence", "value": 0.95, "smoothed": 0.95}
{"t": 39.666, "state": "WAKING", "event": "confidence", "value": 0.95, "smoothed": 0.95}
{"t": 40.167, "state": "WAKING", "event": "confidence", "value": 0.95, "smoothed": 0.95}
{"t": 40.667, "state": "WAKING", "event": "confidence", "value": 0.95, "smoothed": 0.95}
{"t": 41.167, "state": "WAKING", "event": "confidence", "value": 0.95, "smoothed": 0.95}
{"t": 41.667, "state": "WAKING", "event": "confidence", "value": 0.95, "smoothed": 0.95}
{"t": 42.167, "state": "WAKING", "event": "confidence", "value": 0.95, "smoothed": 0.95}
{"t": 42.668, "state": "WAKING", "event": "confidence", "value": 0.95, "smoothed": 0.95}
{"t": 43.168, "state": "WAKING", "event": "confidence", "value": 0.95, "smoothed": 0.95}
{"t": 43.668, "state": "WAKING", "event": "confidence", "value": 0.95, "smoothed": 0.95}
{"t": 44.168, "state": "WAKING", "event": "confidence", "value": 0.95, "smoothed": 0.95}
{"t": 44.668, "state": "WAKING", "event": "confidence", "value": 0.95, "smoothed": 0.95}
{"t": 45.168, "state": "WAKING", "event": "confidence", "value": 0.95, "smoothed": 0.95}
{"t": 45.669, "state": "WAKING", "event": "confidence", "value": 0.95, "smoothed": 0.95}
{"t": 46.169, "state": "WAKING", "event": "confidence", "value": 0.95, "smoothed": 0.95}
{"t": 46.669, "state": "WAKING", "event": "confidence", "value": 0.95, "smoothed": 0.95}
{"t": 47.169, "state": "WAKING", "event": "confidence", "value": 0.95, "smoothed": 0.95}
{"t": 47.669, "state": "WAKING", "event": "confidence", "value": 0.95, "smoothed": 0.95}
{"t": 48.17, "state": "WAKING", "event": "confidence", "value": 0.95, "smoothed": 0.95}
{"t": 48.67, "state": "WAKING", "event": "confidence", "value": 0.95, "smoothed": 0.95}
{"t": 49.17, "state": "WAKING", "event": "confidence", "value": 0.95, "smoothed": 0.95}
{"t": 49.67, "state": "WAKING", "event": "confidence", "value": 0.95, "smoothed": 0.95}
{"t": 50.17, "state": "WAKING", "event": "confidence", "value": 0.95, "smoothed": 0.95}
{"t": 50.671, "state": "WAKING", "event": "confidence", "value": 0.95, "smoothed": 0.95}
{"t": 51.171, "state": "WAKING", "event": "confidence", "value": 0.95, "smoothed": 0.95}
{"t": 51.671, "state": "WAKING", "event": "confidence", "value": 0.95, "smoothed": 0.95}
{"t": 52.171, "state": "WAKING", "event": "confidence", "value": 0.95, "smoothed": 0.95}
{"t": 52.671, "state": "WAKING", "event": "confidence", "value": 0.95, "smoothed": 0.95}
{"t": 53.171, "state": "WAKING", "event": "confidence", "value": 0.95, "smoothed": 0.95}
{"t": 53.672, "state": "WAKING", "event": "confidence", "value": 0.95, "smoothed": 0.95}
{"t": 54.172, "state": "WAKING", "event": "confidence", "value": 0.95, "smoothed": 0.95}
{"t": 54.672, "state": "WAKING", "event": "confidence", "value": 0.95, "smoothed": 0.95}
{"t": 55.172, "state": "WAKING", "event": "confidence", "value": 0.95, "smoothed": 0.95}
{"t": 55.673, "state": "WAKING", "event": "confidence", "value": 0.95, "smoothed": 0.95}
{"t": 56.173, "state": "WAKING", "event": "confidence", "value": 0.95, "smoothed": 0.95}
{"t": 56.673, "state": "WAKING", "event": "confidence", "value": 0.95, "smoothed": 0.95}
{"t": 57.173, "state": "WAKING", "event": "confidence", "value": 0.95, "smoothed": 0.95}
{"t": 57.673, "state": "WAKING", "event": "confidence", "value": 0.95, "smoothed": 0.95}
{"t": 58.173, "state": "WAKING", "event": "confidence", "value": 0.95, "smoothed": 0.95}
{"t": 58.674, "state": "WAKING", "event": "confidence", "value": 0.95, "smoothed": 0.95}
{"t": 59.174, "state": "WAKING", "event": "confidence", "value": 0.95, "smoothed": 0.95}
{"t": 59.674, "state": "WAKING", "event": "confidence", "value": 0.95, "smoothed": 0.95}
{"t": 60.174, "state": "WAKING", "event": "confidence", "value": 0.95, "smoothed": 0.95}
{"t": 60.675, "state": "WAKING", "event": "confidence", "value": 0.95, "smoothed": 0.95}
{"t": 61.175, "state": "WAKING", "event": "confidence", "value": 0.95, "smoothed": 0.95}
{"t": 61.678, "state": "WAKING", "event": "confidence", "value": 0.95, "smoothed": 0.95}
{"t": 62.178, "state": "WAKING", "event": "confidence", "value": 0.95, "smoothed": 0.95}
{"t": 62.678, "state": "WAKING", "event": "confidence", "value": 0.95, "smoothed": 0.95}
{"t": 63.179, "state": "WAKING", "event": "confidence", "value": 0.95, "smoothed": 0.95}
{"t": 63.679, "state": "WAKING", "event": "confidence", "value": 0.95, "smoothed": 0.95}
{"t": 64.179, "state": "WAKING", "event": "confidence", "value": 0.95, "smoothed": 0.95}
{"t": 64.679, "state": "WAKING", "event": "confidence", "value": 0.95, "smoothed": 0.95}
{"t": 65.18, "state": "WAKING", "event": "confidence", "value": 0.95, "smoothed": 0.95}
{"t": 65.68, "state": "WAKING", "event": "confidence", "value": 0.95, "smoothed": 0.95}
{"t": 66.183, "state": "WAKING", "event": "confidence", "value": 0.95, "smoothed": 0.95}
{"t": 66.683, "state": "WAKING", "event": "confidence", "value": 0.95, "smoothed": 0.95}
{"t": 67.183, "state": "WAKING", "event": "confidence", "value": 0.95, "smoothed": 0.95}
{"t": 67.684, "state": "WAKING", "event": "confidence", "value": 0.95, "smoothed": 0.95}
{"t": 68.185, "state": "WAKING", "event": "confidence", "value": 0.95, "smoothed": 0.95}
{"t": 68.684, "state": "WAKING", "event": "confidence", "value": 0.95, "smoothed": 0.95}
{"t": 69.185, "state": "WAKING", "event": "confidence", "value": 0.95, "smoothed": 0.95}
{"t": 69.685, "state": "WAKING", "event": "confidence", "value": 0.95, "smoothed": 0.95}
{"t": 70.185, "state": "WAKING", "event": "confidence", "value": 0.95, "smoothed": 0.95}
{"t": 70.685, "state": "WAKING", "event": "confidence", "value": 0.95, "smoothed": 0.95}
{"t": 71.185, "state": "WAKING", "event": "confidence", "value": 0.95, "smoothed": 0.95}
{"t": 71.686, "state": "WAKING", "event": "confidence", "value": 0.95, "smoothed": 0.95}
{"t": 72.186, "state": "WAKING", "event": "confidence", "value": 0.95, "smoothed": 0.95}
{"t": 72.686, "state": "WAKING", "event": "confidence", "value": 0.95, "smoothed": 0.95}
{"t": 73.187, "state": "WAKING", "event": "confidence", "value": 0.95, "smoothed": 0.95}
{"t": 73.687, "state": "WAKING", "event": "confidence", "value": 0.95, "smoothed": 0.95}
{"t": 74.187, "state": "WAKING", "event": "confidence", "value": 0.95, "smoothed": 0.95}
{"t": 74.687, "state": "WAKING", "event": "confidence", "value": 0.95, "smoothed": 0.95}
{"t": 75.188, "state": "WAKING", "event": "confidence", "value": 0.95, "smoothed": 0.95}
{"t": 75.688, "state": "WAKING", "event": "confidence", "value": 0.95, "smoothed": 0.95}
{"t": 76.188, "state": "WAKING", "event": "confidence", "value": 0.95, "smoothed": 0.95}
{"t": 76.688, "state": "WAKING", "event": "confidence", "value": 0.95, "smoothed": 0.95}
{"t": 77.189, "state": "WAKING", "event": "confidence", "value": 0.95, "smoothed": 0.95}
{"t": 77.689, "state": "WAKING", "event": "confidence", "value": 0.95, "smoothed": 0.95}
{"t": 78.189, "state": "WAKING", "event": "confidence", "value": 0.95, "smoothed": 0.95}
{"t": 78.689, "state": "WAKING", "event": "confidence", "value": 0.95, "smoothed": 0.95}
{"t": 79.19, "state": "WAKING", "event": "confidence", "value": 0.95, "smoothed": 0.95}
{"t": 79.69, "state": "WAKING", "event": "confidence", "value": 0.95, "smoothed": 0.95}
{"t": 80.19, "state": "WAKING", "event": "confidence", "value": 0.95, "smoothed": 0.95}
{"t": 80.691, "state": "WAKING", "event": "confidence", "value": 0.95, "smoothed": 0.95}
{"t": 81.191, "state": "WAKING", "event": "confidence", "value": 0.95, "smoothed": 0.95}
{"t": 81.692, "state": "WAKING", "event": "confidence", "value": 0.95, "smoothed": 0.95}
{"t": 82.192, "state": "WAKING", "event": "confidence", "value": 0.95, "smoothed": 0.95}
{"t": 82.692, "state": "WAKING", "event": "confidence", "value": 0.95, "smoothed": 0.95}
{"t": 83.192, "state": "WAKING", "event": "confidence", "value": 0.95, "smoothed": 0.95}
{"t": 83.692, "state": "WAKING", "event": "confidence", "value": 0.95, "smoothed": 0.95}
{"t": 84.193, "state": "WAKING", "event": "confidence", "value": 0.95, "smoothed": 0.95}
{"t": 84.693, "state": "WAKING", "event": "confidence", "value": 0.95, "smoothed": 0.95}
{"t": 85.193, "state": "WAKING", "event": "confidence", "value": 0.95, "smoothed": 0.95}
{"t": 85.693, "state": "WAKING", "event": "confidence", "value": 0.95, "smoothed": 0.95}
{"t": 86.196, "state": "WAKING", "event": "confidence", "value": 0.95, "smoothed": 0.95}
{"t": 86.696, "state": "WAKING", "event": "confidence", "value": 0.95, "smoothed": 0.95}
{"t": 87.196, "state": "WAKING", "event": "confidence", "value": 0.95, "smoothed": 0.95}
{"t": 87.696, "state": "WAKING", "event": "confidence", "value": 0.95, "smoothed": 0.95}
{"t": 88.197, "state": "WAKING", "event": "confidence", "value": 0.95, "smoothed": 0.95}
{"t": 88.697, "state": "WAKING", "event": "confidence", "value": 0.95, "smoothed": 0.95}
{"t": 89.197, "state": "WAKING", "event": "confidence", "value": 0.95, "smoothed": 0.95}
{"t": 89.697, "state": "WAKING", "event": "confidence", "value": 0.95, "smoothed": 0.95}
{"t": 90.198, "state": "WAKING", "event": "confidence", "value": 0.95, "smoothed": 0.95}
{"t": 90.698, "state": "WAKING", "event": "confidence", "value": 0.95, "smoothed": 0.95}
{"t": 91.198, "state": "WAKING", "event": "confidence", "value": 0.95, "smoothed": 0.95}
{"t": 91.698, "state": "WAKING", "event": "confidence", "value": 0.95, "smoothed": 0.95}
{"t": 92.199, "state": "WAKING", "event": "confidence", "value": 0.95, "smoothed": 0.95}
{"t": 92.699, "state": "WAKING", "event": "confidence", "value": 0.95, "smoothed": 0.95}
{"t": 93.199, "state": "WAKING", "event": "confidence", "value": 0.95, "smoothed": 0.95}
{"t": 93.699, "state": "WAKING", "event": "confidence", "value": 0.95, "smoothed": 0.95}
{"t": 94.199, "state": "WAKING", "event": "confidence", "value": 0.95, "smoothed": 0.95}
{"t": 94.7, "state": "WAKING", "event": "confidence", "value": 0.95, "smoothed": 0.95}
{"t": 95.2, "state": "WAKING", "event": "confidence", "value": 0.95, "smoothed": 0.95}
{"t": 95.7, "state": "WAKING", "event": "confidence", "value": 0.95, "smoothed": 0.95}
{"t": 96.201, "state": "WAKING", "event": "confidence", "value": 0.95, "smoothed": 0.95}
{"t": 96.701, "state": "WAKING", "event": "confidence", "value": 0.95, "smoothed": 0.95}
{"t": 97.201, "state": "WAKING", "event": "confidence", "value": 0.95, "smoothed": 0.95}
{"t": 97.701, "state": "WAKING", "event": "confidence", "value": 0.95, "smoothed": 0.95}
{"t": 98.202, "state": "WAKING", "event": "confidence", "value": 0.95, "smoothed": 0.95}
{"t": 98.702, "state": "WAKING", "event": "confidence", "value": 0.95, "smoothed": 0.95}
{"t": 99.202, "state": "WAKING", "event": "confidence", "value": 0.95, "smoothed": 0.95}
{"t": 99.702, "state": "WAKING", "event": "confidence", "value": 0.95, "smoothed": 0.95}
{"t": 100.203, "state": "WAKING", "event": "confidence", "value": 0.95, "smoothed": 0.95}
{"t": 100.703, "state": "WAKING", "event": "confidence", "value": 0.95, "smoothed": 0.95}
{"t": 101.203, "state": "WAKING", "event": "confidence", "value": 0.95, "smoothed": 0.95}
{"t": 101.703, "state": "WAKING", "event": "confidence", "value": 0.95, "smoothed": 0.95}
{"t": 102.204, "state": "WAKING", "event": "confidence", "value": 0.95, "smoothed": 0.95}
{"t": 102.704, "state": "WAKING", "event": "confidence", "value": 0.95, "smoothed": 0.95}
{"t": 103.204, "state": "WAKING", "event": "confidence", "value": 0.95, "smoothed": 0.95}
{"t": 103.704, "state": "WAKING", "event": "confidence", "value": 0.95, "smoothed": 0.95}
{"t": 104.204, "state": "WAKING", "event": "confidence", "value": 0.95, "smoothed": 0.95}
{"t": 104.704, "state": "WAKING", "event": "confidence", "value": 0.95, "smoothed": 0.95}
{"t": 105.205, "state": "WAKING", "event": "confidence", "value": 0.95, "smoothed": 0.95}
{"t": 105.705, "state": "WAKING", "event": "confidence", "value": 0.95, "smoothed": 0.95}
{"t": 106.205, "state": "WAKING", "event": "confidence", "value": 0.95, "smoothed": 0.95}
{"t": 106.705, "state": "WAKING", "event": "confidence", "value": 0.95, "smoothed": 0.95}
{"t": 107.206, "state": "WAKING", "event": "confidence", "value": 0.95, "smoothed": 0.95}
{"t": 107.706, "state": "WAKING", "event": "confidence", "value": 0.95, "smoothed": 0.95}
{"t": 108.206, "state": "WAKING", "event": "confidence", "value": 0.95, "smoothed": 0.95}
{"t": 108.707, "state": "WAKING", "event": "confidence", "value": 0.95, "smoothed": 0.95}
{"t": 109.207, "state": "WAKING", "event": "confidence", "value": 0.95, "smoothed": 0.95}
{"t": 109.707, "state": "WAKING", "event": "confidence", "value": 0.95, "smoothed": 0.95}
{"t": 110.207, "state": "WAKING", "event": "confidence", "value": 0.95, "smoothed": 0.95}
{"t": 110.707, "state": "WAKING", "event": "confidence", "value": 0.95, "smoothed": 0.95}
{"t": 111.208, "state": "WAKING", "event": "confidence", "value": 0.95, "smoothed": 0.95}
{"t": 111.708, "state": "WAKING", "event": "confidence", "value": 0.95, "smoothed": 0.95}
{"t": 112.208, "state": "WAKING", "event": "confidence", "value": 0.95, "smoothed": 0.95}
{"t": 112.708, "state": "WAKING", "event": "confidence", "value": 0.95, "smoothed": 0.95}
{"t": 113.208, "state": "WAKING", "event": "confidence", "value": 0.95, "smoothed": 0.95}
{"t": 113.709, "state": "WAKING", "event": "confidence", "value": 0.95, "smoothed": 0.95}
{"t": 114.209, "state": "WAKING", "event": "confidence", "value": 0.95, "smoothed": 0.95}
{"t": 114.709, "state": "WAKING", "event": "confidence", "value": 0.95, "smoothed": 0.95}
{"t": 115.209, "state": "WAKING", "event": "confidence", "value": 0.95, "smoothed": 0.95}
{"t": 115.709, "state": "WAKING", "event": "confidence", "value": 0.95, "smoothed": 0.95}
{"t": 116.21, "state": "WAKING", "event": "confidence", "value": 0.95, "smoothed": 0.95}
{"t": 116.71, "state": "WAKING", "event": "confidence", "value": 0.95, "smoothed": 0.95}
{"t": 117.21, "state": "WAKING", "event": "confidence", "value": 0.95, "smoothed": 0.95}
{"t": 117.71, "state": "WAKING", "event": "confidence", "value": 0.95, "smoothed": 0.95}
{"t": 118.21, "state": "WAKING", "event": "confidence", "value": 0.95, "smoothed": 0.95}
{"t": 118.711, "state": "WAKING", "event": "confidence", "value": 0.95, "smoothed": 0.95}
{"t": 119.211, "state": "WAKING", "event": "confidence", "value": 0.95, "smoothed": 0.95}
{"t": 119.711, "state": "WAKING", "event": "confidence", "value": 0.95, "smoothed": 0.95}
{"t": 120.211, "state": "WAKING", "event": "confidence", "value": 0.95, "smoothed": 0.95}
{"t": 120.711, "state": "WAKING", "event": "confidence", "value": 0.95, "smoothed": 0.95}
{"t": 121.212, "state": "WAKING", "event": "confidence", "value": 0.95, "smoothed": 0.95}
{"t": 121.712, "state": "WAKING", "event": "confidence", "value": 0.95, "smoothed": 0.95}
{"t": 122.212, "state": "WAKING", "event": "confidence", "value": 0.95, "smoothed": 0.95}
{"t": 122.712, "state": "WAKING", "event": "confidence", "value": 0.95, "smoothed": 0.95}
{"t": 123.213, "state": "WAKING", "event": "confidence", "value": 0.95, "smoothed": 0.95}
{"t": 123.713, "state": "WAKING", "event": "confidence", "value": 0.95, "smoothed": 0.95}
{"t": 124.213, "state": "WAKING", "event": "confidence", "value": 0.95, "smoothed": 0.95}
{"t": 124.714, "state": "WAKING", "event": "confidence", "value": 0.95, "smoothed": 0.95}
{"t": 125.214, "state": "WAKING", "event": "confidence", "value": 0.95, "smoothed": 0.95}
{"t": 125.714, "state": "WAKING", "event": "confidence", "value": 0.95, "smoothed": 0.95}
{"t": 126.214, "state": "WAKING", "event": "confidence", "value": 0.95, "smoothed": 0.95}
{"t": 126.714, "state": "WAKING", "event": "confidence", "value": 0.95, "smoothed": 0.95}
{"t": 127.215, "state": "WAKING", "event": "confidence", "value": 0.95, "smoothed": 0.95}
{"t": 127.715, "state": "WAKING", "event": "confidence", "value": 0.95, "smoothed": 0.95}
{"t": 128.215, "state": "WAKING", "event": "confidence", "value": 0.95, "smoothed": 0.95}
{"t": 128.716, "state": "WAKING", "event": "confidence", "value": 0.95, "smoothed": 0.95}
{"t": 129.216, "state": "WAKING", "event": "confidence", "value": 0.95, "smoothed": 0.95}
{"t": 129.716, "state": "WAKING", "event": "confidence", "value": 0.95, "smoothed": 0.95}
{"t": 130.216, "state": "WAKING", "event": "confidence", "value": 0.95, "smoothed": 0.95}
{"t": 130.716, "state": "WAKING", "event": "confidence", "value": 0.95, "smoothed": 0.95}
{"t": 131.217, "state": "WAKING", "event": "confidence", "value": 0.95, "smoothed": 0.95}
{"t": 131.717, "state": "WAKING", "event": "confidence", "value": 0.95, "smoothed": 0.95}
{"t": 132.217, "state": "WAKING", "event": "confidence", "value": 0.95, "smoothed": 0.95}
{"t": 132.717, "state": "WAKING", "event": "confidence", "value": 0.95, "smoothed": 0.95}
{"t": 133.218, "state": "WAKING", "event": "confidence", "value": 0.95, "smoothed": 0.95}
{"t": 133.718, "state": "WAKING", "event": "confidence", "value": 0.95, "smoothed": 0.95}
{"t": 134.218, "state": "WAKING", "event": "confidence", "value": 0.95, "smoothed": 0.95}
{"t": 134.718, "state": "WAKING", "event": "confidence", "value": 0.95, "smoothed": 0.95}
{"t": 135.219, "state": "WAKING", "event": "confidence", "value": 0.95, "smoothed": 0.95}
{"t": 135.719, "state": "WAKING", "event": "confidence", "value": 0.95, "smoothed": 0.95}
{"t": 136.219, "state": "WAKING", "event": "confidence", "value": 0.95, "smoothed": 0.95}
{"t": 136.719, "state": "WAKING", "event": "confidence", "value": 0.95, "smoothed": 0.95}
{"t": 137.219, "state": "WAKING", "event": "confidence", "value": 0.95, "smoothed": 0.95}
{"t": 137.72, "state": "WAKING", "event": "confidence", "value": 0.95, "smoothed": 0.95}
{"t": 138.22, "state": "WAKING", "event": "confidence", "value": 0.95, "smoothed": 0.95}
{"t": 138.72, "state": "WAKING", "event": "confidence", "value": 0.95, "smoothed": 0.95}
{"t": 139.221, "state": "WAKING", "event": "confidence", "value": 0.95, "smoothed": 0.95}
{"t": 139.721, "state": "WAKING", "event": "confidence", "value": 0.95, "smoothed": 0.95}
{"t": 140.221, "state": "WAKING", "event": "confidence", "value": 0.95, "smoothed": 0.95}
{"t": 140.721, "state": "WAKING", "event": "confidence", "value": 0.95, "smoothed": 0.95}
{"t": 141.221, "state": "WAKING", "event": "confidence", "value": 0.95, "smoothed": 0.95}
{"t": 141.722, "state": "WAKING", "event": "confidence", "value": 0.95, "smoothed": 0.95}
{"t": 142.222, "state": "WAKING", "event": "confidence", "value": 0.95, "smoothed": 0.95}
{"t": 142.722, "state": "WAKING", "event": "confidence", "value": 0.95, "smoothed": 0.95}
{"t": 143.222, "state": "WAKING", "event": "confidence", "value": 0.95, "smoothed": 0.95}
{"t": 143.723, "state": "WAKING", "event": "confidence", "value": 0.95, "smoothed": 0.95}
{"t": 144.223, "state": "WAKING", "event": "confidence", "value": 0.95, "smoothed": 0.95}
{"t": 144.723, "state": "WAKING", "event": "confidence", "value": 0.95, "smoothed": 0.95}
{"t": 145.223, "state": "WAKING", "event": "confidence", "value": 0.95, "smoothed": 0.95}
{"t": 145.724, "state": "WAKING", "event": "confidence", "value": 0.95, "smoothed": 0.95}
{"t": 146.224, "state": "WAKING", "event": "confidence", "value": 0.95, "smoothed": 0.95}
{"t": 146.724, "state": "WAKING", "event": "confidence", "value": 0.95, "smoothed": 0.95}
{"t": 147.228, "state": "WAKING", "event": "confidence", "value": 0.95, "smoothed": 0.95}
{"t": 147.728, "state": "WAKING", "event": "confidence", "value": 0.95, "smoothed": 0.95}
{"t": 148.228, "state": "WAKING", "event": "confidence", "value": 0.95, "smoothed": 0.95}
{"t": 148.728, "state": "WAKING", "event": "confidence", "value": 0.95, "smoothed": 0.95}
{"t": 149.228, "state": "WAKING", "event": "confidence", "value": 0.95, "smoothed": 0.95}
{"t": 149.729, "state": "WAKING", "event": "confidence", "value": 0.95, "smoothed": 0.95}
{"t": 150.229, "state": "WAKING", "event": "confidence", "value": 0.95, "smoothed": 0.95}
{"t": 150.729, "state": "WAKING", "event": "confidence", "value": 0.95, "smoothed": 0.95}
{"t": 151.229, "state": "WAKING", "event": "confidence", "value": 0.95, "smoothed": 0.95}
{"t": 151.73, "state": "WAKING", "event": "confidence", "value": 0.95, "smoothed": 0.95}
{"t": 152.23, "state": "WAKING", "event": "confidence", "value": 0.95, "smoothed": 0.95}
{"t": 152.73, "state": "WAKING", "event": "confidence", "value": 0.95, "smoothed": 0.95}
{"t": 152.813, "state": "AWAKE", "event": "awake", "wake_seconds": 146.16, "loader": {"compose_up_seconds": 3.08, "first_output_seconds": 146.15}}
{"t": 153.23, "state": "AWAKE", "event": "confidence", "value": 0.95, "smoothed": 0.95}
[burst_1] done: latency=146.16s
cooldown up to 30.0s (baseline tj=52.062)...
[continuous_1] docker compose down + drop page cache
[continuous_1] tegrastats -> mmap_sandbox/results/burst_vs_continuous_run1/continuous_1/tegrastats.log
[continuous_1] launch watcher: /home/student/Documents/projects/wildfire_detection/.venv/bin/python3 /home/student/Documents/projects/wildfire_detection/mmap_sandbox/continuous_watcher.py --sock mmap_sandbox/results/burst_vs_continuous_run1/continuous_1/watcher.sock --log mmap_sandbox/results/burst_vs_continuous_run1/continuous_1/watch.jsonl --pace-mbps 703.0 --compose-file /home/student/Documents/projects/wildfire_detection/docker-compose_fused_system.yaml --ready-file /home/student/Documents/projects/wildfire_detection/data/out_txt --ready-timeout 300.0 --wake-at 0.85 --sleep-at 0.4 --ema-alpha 0.4
{"t": 0.0, "state": "SLEEPING", "event": "listening", "sock": "mmap_sandbox/results/burst_vs_continuous_run1/continuous_1/watcher.sock", "wake_mode": "continuous", "pace_mbps": 703.0}
[continuous_1] launch mht_sim: /home/student/Documents/projects/wildfire_detection/.venv/bin/python3 /home/student/Documents/projects/wildfire_detection/fire_watcher/mht_sim.py mmap_sandbox/results/burst_vs_continuous_run1/continuous_1/watcher.sock 0.20:5,0.95:600 --interval 0.5 --noise 0.0 --seed 42
[continuous_1] waiting for 'awake' (timeout 360s) ...
{"t": 0.114, "state": "SLEEPING", "event": "confidence", "value": 0.2, "smoothed": 0.2}
{"t": 0.615, "state": "SLEEPING", "event": "confidence", "value": 0.2, "smoothed": 0.2}
{"t": 1.115, "state": "SLEEPING", "event": "confidence", "value": 0.2, "smoothed": 0.2}
{"t": 1.615, "state": "SLEEPING", "event": "confidence", "value": 0.2, "smoothed": 0.2}
{"t": 2.116, "state": "SLEEPING", "event": "confidence", "value": 0.2, "smoothed": 0.2}
{"t": 2.616, "state": "SLEEPING", "event": "confidence", "value": 0.2, "smoothed": 0.2}
{"t": 3.116, "state": "SLEEPING", "event": "confidence", "value": 0.2, "smoothed": 0.2}
{"t": 3.616, "state": "SLEEPING", "event": "confidence", "value": 0.2, "smoothed": 0.2}
{"t": 4.117, "state": "SLEEPING", "event": "confidence", "value": 0.2, "smoothed": 0.2}
{"t": 4.617, "state": "SLEEPING", "event": "confidence", "value": 0.2, "smoothed": 0.2}
{"t": 5.117, "state": "SLEEPING", "event": "confidence", "value": 0.95, "smoothed": 0.5}
{"t": 5.617, "state": "SLEEPING", "event": "confidence", "value": 0.95, "smoothed": 0.68}
{"t": 6.118, "state": "SLEEPING", "event": "confidence", "value": 0.95, "smoothed": 0.788}
{"t": 6.618, "state": "SLEEPING", "event": "confidence", "value": 0.95, "smoothed": 0.853}
{"t": 6.619, "state": "WAKING", "event": "wake_start", "confidence": 0.8528, "from_state": "SLEEPING", "mode": "continuous"}
{"t": 7.156, "state": "WAKING", "event": "confidence", "value": 0.95, "smoothed": 0.892}
{"t": 7.638, "state": "WAKING", "event": "confidence", "value": 0.95, "smoothed": 0.915}
{"t": 8.159, "state": "WAKING", "event": "confidence", "value": 0.95, "smoothed": 0.929}
{"t": 8.64, "state": "WAKING", "event": "confidence", "value": 0.95, "smoothed": 0.937}
{"t": 9.156, "state": "WAKING", "event": "confidence", "value": 0.95, "smoothed": 0.942}
{"t": 9.65, "state": "WAKING", "event": "confidence", "value": 0.95, "smoothed": 0.945}
{"t": 10.143, "state": "WAKING", "event": "confidence", "value": 0.95, "smoothed": 0.947}
{"t": 10.651, "state": "WAKING", "event": "confidence", "value": 0.95, "smoothed": 0.948}
{"t": 11.16, "state": "WAKING", "event": "confidence", "value": 0.95, "smoothed": 0.949}
{"t": 11.637, "state": "WAKING", "event": "confidence", "value": 0.95, "smoothed": 0.949}
{"t": 12.138, "state": "WAKING", "event": "confidence", "value": 0.95, "smoothed": 0.95}
{"t": 12.298, "state": "WAKING", "event": "continuous_preload_done", "mb": 2814, "seconds": 5.68, "pace_mbps": 703}
{"t": 12.621, "state": "WAKING", "event": "confidence", "value": 0.95, "smoothed": 0.95}
{"t": 13.121, "state": "WAKING", "event": "confidence", "value": 0.95, "smoothed": 0.95}
{"t": 13.621, "state": "WAKING", "event": "confidence", "value": 0.95, "smoothed": 0.95}
{"t": 14.121, "state": "WAKING", "event": "confidence", "value": 0.95, "smoothed": 0.95}
{"t": 14.622, "state": "WAKING", "event": "confidence", "value": 0.95, "smoothed": 0.95}
{"t": 15.122, "state": "WAKING", "event": "confidence", "value": 0.95, "smoothed": 0.95}
{"t": 15.622, "state": "WAKING", "event": "confidence", "value": 0.95, "smoothed": 0.95}
{"t": 16.122, "state": "WAKING", "event": "confidence", "value": 0.95, "smoothed": 0.95}
{"t": 16.622, "state": "WAKING", "event": "confidence", "value": 0.95, "smoothed": 0.95}
{"t": 17.123, "state": "WAKING", "event": "confidence", "value": 0.95, "smoothed": 0.95}
{"t": 17.623, "state": "WAKING", "event": "confidence", "value": 0.95, "smoothed": 0.95}
{"t": 18.123, "state": "WAKING", "event": "confidence", "value": 0.95, "smoothed": 0.95}
{"t": 18.623, "state": "WAKING", "event": "confidence", "value": 0.95, "smoothed": 0.95}
{"t": 19.123, "state": "WAKING", "event": "confidence", "value": 0.95, "smoothed": 0.95}
{"t": 19.624, "state": "WAKING", "event": "confidence", "value": 0.95, "smoothed": 0.95}
{"t": 20.124, "state": "WAKING", "event": "confidence", "value": 0.95, "smoothed": 0.95}
{"t": 20.624, "state": "WAKING", "event": "confidence", "value": 0.95, "smoothed": 0.95}
{"t": 21.124, "state": "WAKING", "event": "confidence", "value": 0.95, "smoothed": 0.95}
{"t": 21.624, "state": "WAKING", "event": "confidence", "value": 0.95, "smoothed": 0.95}
{"t": 22.124, "state": "WAKING", "event": "confidence", "value": 0.95, "smoothed": 0.95}
{"t": 22.625, "state": "WAKING", "event": "confidence", "value": 0.95, "smoothed": 0.95}
{"t": 23.125, "state": "WAKING", "event": "confidence", "value": 0.95, "smoothed": 0.95}
{"t": 23.625, "state": "WAKING", "event": "confidence", "value": 0.95, "smoothed": 0.95}
{"t": 24.125, "state": "WAKING", "event": "confidence", "value": 0.95, "smoothed": 0.95}
{"t": 24.626, "state": "WAKING", "event": "confidence", "value": 0.95, "smoothed": 0.95}
{"t": 25.126, "state": "WAKING", "event": "confidence", "value": 0.95, "smoothed": 0.95}
{"t": 25.626, "state": "WAKING", "event": "confidence", "value": 0.95, "smoothed": 0.95}
{"t": 26.126, "state": "WAKING", "event": "confidence", "value": 0.95, "smoothed": 0.95}
{"t": 26.626, "state": "WAKING", "event": "confidence", "value": 0.95, "smoothed": 0.95}
{"t": 27.126, "state": "WAKING", "event": "confidence", "value": 0.95, "smoothed": 0.95}
{"t": 27.627, "state": "WAKING", "event": "confidence", "value": 0.95, "smoothed": 0.95}
{"t": 28.127, "state": "WAKING", "event": "confidence", "value": 0.95, "smoothed": 0.95}
{"t": 28.627, "state": "WAKING", "event": "confidence", "value": 0.95, "smoothed": 0.95}
{"t": 29.127, "state": "WAKING", "event": "confidence", "value": 0.95, "smoothed": 0.95}
{"t": 29.627, "state": "WAKING", "event": "confidence", "value": 0.95, "smoothed": 0.95}
{"t": 30.128, "state": "WAKING", "event": "confidence", "value": 0.95, "smoothed": 0.95}
{"t": 30.628, "state": "WAKING", "event": "confidence", "value": 0.95, "smoothed": 0.95}
{"t": 31.128, "state": "WAKING", "event": "confidence", "value": 0.95, "smoothed": 0.95}
{"t": 31.628, "state": "WAKING", "event": "confidence", "value": 0.95, "smoothed": 0.95}
{"t": 32.129, "state": "WAKING", "event": "confidence", "value": 0.95, "smoothed": 0.95}
{"t": 32.629, "state": "WAKING", "event": "confidence", "value": 0.95, "smoothed": 0.95}
{"t": 33.129, "state": "WAKING", "event": "confidence", "value": 0.95, "smoothed": 0.95}
{"t": 33.629, "state": "WAKING", "event": "confidence", "value": 0.95, "smoothed": 0.95}
{"t": 34.129, "state": "WAKING", "event": "confidence", "value": 0.95, "smoothed": 0.95}
{"t": 34.629, "state": "WAKING", "event": "confidence", "value": 0.95, "smoothed": 0.95}
{"t": 35.13, "state": "WAKING", "event": "confidence", "value": 0.95, "smoothed": 0.95}
{"t": 35.63, "state": "WAKING", "event": "confidence", "value": 0.95, "smoothed": 0.95}
{"t": 36.13, "state": "WAKING", "event": "confidence", "value": 0.95, "smoothed": 0.95}
{"t": 36.63, "state": "WAKING", "event": "confidence", "value": 0.95, "smoothed": 0.95}
{"t": 37.13, "state": "WAKING", "event": "confidence", "value": 0.95, "smoothed": 0.95}
{"t": 37.631, "state": "WAKING", "event": "confidence", "value": 0.95, "smoothed": 0.95}
{"t": 38.131, "state": "WAKING", "event": "confidence", "value": 0.95, "smoothed": 0.95}
{"t": 38.631, "state": "WAKING", "event": "confidence", "value": 0.95, "smoothed": 0.95}
{"t": 39.131, "state": "WAKING", "event": "confidence", "value": 0.95, "smoothed": 0.95}
{"t": 39.631, "state": "WAKING", "event": "confidence", "value": 0.95, "smoothed": 0.95}
{"t": 40.131, "state": "WAKING", "event": "confidence", "value": 0.95, "smoothed": 0.95}
{"t": 40.632, "state": "WAKING", "event": "confidence", "value": 0.95, "smoothed": 0.95}
{"t": 41.132, "state": "WAKING", "event": "confidence", "value": 0.95, "smoothed": 0.95}
{"t": 41.632, "state": "WAKING", "event": "confidence", "value": 0.95, "smoothed": 0.95}
{"t": 42.132, "state": "WAKING", "event": "confidence", "value": 0.95, "smoothed": 0.95}
{"t": 42.632, "state": "WAKING", "event": "confidence", "value": 0.95, "smoothed": 0.95}
{"t": 43.133, "state": "WAKING", "event": "confidence", "value": 0.95, "smoothed": 0.95}
{"t": 43.633, "state": "WAKING", "event": "confidence", "value": 0.95, "smoothed": 0.95}
{"t": 44.133, "state": "WAKING", "event": "confidence", "value": 0.95, "smoothed": 0.95}
{"t": 44.633, "state": "WAKING", "event": "confidence", "value": 0.95, "smoothed": 0.95}
{"t": 45.133, "state": "WAKING", "event": "confidence", "value": 0.95, "smoothed": 0.95}
{"t": 45.634, "state": "WAKING", "event": "confidence", "value": 0.95, "smoothed": 0.95}
{"t": 46.134, "state": "WAKING", "event": "confidence", "value": 0.95, "smoothed": 0.95}
{"t": 46.634, "state": "WAKING", "event": "confidence", "value": 0.95, "smoothed": 0.95}
{"t": 47.134, "state": "WAKING", "event": "confidence", "value": 0.95, "smoothed": 0.95}
{"t": 47.634, "state": "WAKING", "event": "confidence", "value": 0.95, "smoothed": 0.95}
{"t": 48.135, "state": "WAKING", "event": "confidence", "value": 0.95, "smoothed": 0.95}
{"t": 48.635, "state": "WAKING", "event": "confidence", "value": 0.95, "smoothed": 0.95}
{"t": 49.135, "state": "WAKING", "event": "confidence", "value": 0.95, "smoothed": 0.95}
{"t": 49.635, "state": "WAKING", "event": "confidence", "value": 0.95, "smoothed": 0.95}
{"t": 50.135, "state": "WAKING", "event": "confidence", "value": 0.95, "smoothed": 0.95}
{"t": 50.636, "state": "WAKING", "event": "confidence", "value": 0.95, "smoothed": 0.95}
{"t": 51.136, "state": "WAKING", "event": "confidence", "value": 0.95, "smoothed": 0.95}
{"t": 51.636, "state": "WAKING", "event": "confidence", "value": 0.95, "smoothed": 0.95}
{"t": 52.136, "state": "WAKING", "event": "confidence", "value": 0.95, "smoothed": 0.95}
{"t": 52.636, "state": "WAKING", "event": "confidence", "value": 0.95, "smoothed": 0.95}
{"t": 53.136, "state": "WAKING", "event": "confidence", "value": 0.95, "smoothed": 0.95}
{"t": 53.637, "state": "WAKING", "event": "confidence", "value": 0.95, "smoothed": 0.95}
{"t": 54.137, "state": "WAKING", "event": "confidence", "value": 0.95, "smoothed": 0.95}
{"t": 54.637, "state": "WAKING", "event": "confidence", "value": 0.95, "smoothed": 0.95}
{"t": 55.137, "state": "WAKING", "event": "confidence", "value": 0.95, "smoothed": 0.95}
{"t": 55.637, "state": "WAKING", "event": "confidence", "value": 0.95, "smoothed": 0.95}
{"t": 56.138, "state": "WAKING", "event": "confidence", "value": 0.95, "smoothed": 0.95}
{"t": 56.638, "state": "WAKING", "event": "confidence", "value": 0.95, "smoothed": 0.95}
{"t": 57.138, "state": "WAKING", "event": "confidence", "value": 0.95, "smoothed": 0.95}
{"t": 57.638, "state": "WAKING", "event": "confidence", "value": 0.95, "smoothed": 0.95}
{"t": 58.138, "state": "WAKING", "event": "confidence", "value": 0.95, "smoothed": 0.95}
{"t": 58.639, "state": "WAKING", "event": "confidence", "value": 0.95, "smoothed": 0.95}
{"t": 59.139, "state": "WAKING", "event": "confidence", "value": 0.95, "smoothed": 0.95}
{"t": 59.639, "state": "WAKING", "event": "confidence", "value": 0.95, "smoothed": 0.95}
{"t": 60.139, "state": "WAKING", "event": "confidence", "value": 0.95, "smoothed": 0.95}
{"t": 60.64, "state": "WAKING", "event": "confidence", "value": 0.95, "smoothed": 0.95}
{"t": 61.14, "state": "WAKING", "event": "confidence", "value": 0.95, "smoothed": 0.95}
{"t": 61.64, "state": "WAKING", "event": "confidence", "value": 0.95, "smoothed": 0.95}
{"t": 62.14, "state": "WAKING", "event": "confidence", "value": 0.95, "smoothed": 0.95}
{"t": 62.64, "state": "WAKING", "event": "confidence", "value": 0.95, "smoothed": 0.95}
{"t": 63.14, "state": "WAKING", "event": "confidence", "value": 0.95, "smoothed": 0.95}
{"t": 63.641, "state": "WAKING", "event": "confidence", "value": 0.95, "smoothed": 0.95}
{"t": 64.141, "state": "WAKING", "event": "confidence", "value": 0.95, "smoothed": 0.95}
{"t": 64.641, "state": "WAKING", "event": "confidence", "value": 0.95, "smoothed": 0.95}
{"t": 65.141, "state": "WAKING", "event": "confidence", "value": 0.95, "smoothed": 0.95}
{"t": 65.641, "state": "WAKING", "event": "confidence", "value": 0.95, "smoothed": 0.95}
{"t": 66.142, "state": "WAKING", "event": "confidence", "value": 0.95, "smoothed": 0.95}
{"t": 66.642, "state": "WAKING", "event": "confidence", "value": 0.95, "smoothed": 0.95}
{"t": 67.142, "state": "WAKING", "event": "confidence", "value": 0.95, "smoothed": 0.95}
{"t": 67.642, "state": "WAKING", "event": "confidence", "value": 0.95, "smoothed": 0.95}
{"t": 68.142, "state": "WAKING", "event": "confidence", "value": 0.95, "smoothed": 0.95}
{"t": 68.643, "state": "WAKING", "event": "confidence", "value": 0.95, "smoothed": 0.95}
{"t": 69.145, "state": "WAKING", "event": "confidence", "value": 0.95, "smoothed": 0.95}
{"t": 69.643, "state": "WAKING", "event": "confidence", "value": 0.95, "smoothed": 0.95}
{"t": 70.143, "state": "WAKING", "event": "confidence", "value": 0.95, "smoothed": 0.95}
{"t": 70.644, "state": "WAKING", "event": "confidence", "value": 0.95, "smoothed": 0.95}
{"t": 71.144, "state": "WAKING", "event": "confidence", "value": 0.95, "smoothed": 0.95}
{"t": 71.644, "state": "WAKING", "event": "confidence", "value": 0.95, "smoothed": 0.95}
{"t": 72.144, "state": "WAKING", "event": "confidence", "value": 0.95, "smoothed": 0.95}
{"t": 72.645, "state": "WAKING", "event": "confidence", "value": 0.95, "smoothed": 0.95}
{"t": 73.145, "state": "WAKING", "event": "confidence", "value": 0.95, "smoothed": 0.95}
{"t": 73.645, "state": "WAKING", "event": "confidence", "value": 0.95, "smoothed": 0.95}
{"t": 74.145, "state": "WAKING", "event": "confidence", "value": 0.95, "smoothed": 0.95}
{"t": 74.646, "state": "WAKING", "event": "confidence", "value": 0.95, "smoothed": 0.95}
{"t": 75.146, "state": "WAKING", "event": "confidence", "value": 0.95, "smoothed": 0.95}
{"t": 75.646, "state": "WAKING", "event": "confidence", "value": 0.95, "smoothed": 0.95}
{"t": 76.146, "state": "WAKING", "event": "confidence", "value": 0.95, "smoothed": 0.95}
{"t": 76.647, "state": "WAKING", "event": "confidence", "value": 0.95, "smoothed": 0.95}
{"t": 77.147, "state": "WAKING", "event": "confidence", "value": 0.95, "smoothed": 0.95}
{"t": 77.647, "state": "WAKING", "event": "confidence", "value": 0.95, "smoothed": 0.95}
{"t": 78.148, "state": "WAKING", "event": "confidence", "value": 0.95, "smoothed": 0.95}
{"t": 78.648, "state": "WAKING", "event": "confidence", "value": 0.95, "smoothed": 0.95}
{"t": 79.148, "state": "WAKING", "event": "confidence", "value": 0.95, "smoothed": 0.95}
{"t": 79.648, "state": "WAKING", "event": "confidence", "value": 0.95, "smoothed": 0.95}
{"t": 80.149, "state": "WAKING", "event": "confidence", "value": 0.95, "smoothed": 0.95}
{"t": 80.649, "state": "WAKING", "event": "confidence", "value": 0.95, "smoothed": 0.95}
{"t": 81.149, "state": "WAKING", "event": "confidence", "value": 0.95, "smoothed": 0.95}
{"t": 81.649, "state": "WAKING", "event": "confidence", "value": 0.95, "smoothed": 0.95}
{"t": 82.15, "state": "WAKING", "event": "confidence", "value": 0.95, "smoothed": 0.95}
{"t": 82.65, "state": "WAKING", "event": "confidence", "value": 0.95, "smoothed": 0.95}
{"t": 83.15, "state": "WAKING", "event": "confidence", "value": 0.95, "smoothed": 0.95}
{"t": 83.65, "state": "WAKING", "event": "confidence", "value": 0.95, "smoothed": 0.95}
{"t": 84.151, "state": "WAKING", "event": "confidence", "value": 0.95, "smoothed": 0.95}
{"t": 84.651, "state": "WAKING", "event": "confidence", "value": 0.95, "smoothed": 0.95}
{"t": 85.152, "state": "WAKING", "event": "confidence", "value": 0.95, "smoothed": 0.95}
{"t": 85.652, "state": "WAKING", "event": "confidence", "value": 0.95, "smoothed": 0.95}
{"t": 86.152, "state": "WAKING", "event": "confidence", "value": 0.95, "smoothed": 0.95}
{"t": 86.652, "state": "WAKING", "event": "confidence", "value": 0.95, "smoothed": 0.95}
{"t": 87.153, "state": "WAKING", "event": "confidence", "value": 0.95, "smoothed": 0.95}
{"t": 87.653, "state": "WAKING", "event": "confidence", "value": 0.95, "smoothed": 0.95}
{"t": 88.153, "state": "WAKING", "event": "confidence", "value": 0.95, "smoothed": 0.95}
{"t": 88.653, "state": "WAKING", "event": "confidence", "value": 0.95, "smoothed": 0.95}
{"t": 89.154, "state": "WAKING", "event": "confidence", "value": 0.95, "smoothed": 0.95}
{"t": 89.654, "state": "WAKING", "event": "confidence", "value": 0.95, "smoothed": 0.95}
{"t": 90.154, "state": "WAKING", "event": "confidence", "value": 0.95, "smoothed": 0.95}
{"t": 90.655, "state": "WAKING", "event": "confidence", "value": 0.95, "smoothed": 0.95}
{"t": 91.155, "state": "WAKING", "event": "confidence", "value": 0.95, "smoothed": 0.95}
{"t": 91.655, "state": "WAKING", "event": "confidence", "value": 0.95, "smoothed": 0.95}
{"t": 92.155, "state": "WAKING", "event": "confidence", "value": 0.95, "smoothed": 0.95}
{"t": 92.656, "state": "WAKING", "event": "confidence", "value": 0.95, "smoothed": 0.95}
{"t": 93.156, "state": "WAKING", "event": "confidence", "value": 0.95, "smoothed": 0.95}
{"t": 93.656, "state": "WAKING", "event": "confidence", "value": 0.95, "smoothed": 0.95}
{"t": 94.156, "state": "WAKING", "event": "confidence", "value": 0.95, "smoothed": 0.95}
{"t": 94.656, "state": "WAKING", "event": "confidence", "value": 0.95, "smoothed": 0.95}
{"t": 95.156, "state": "WAKING", "event": "confidence", "value": 0.95, "smoothed": 0.95}
{"t": 95.657, "state": "WAKING", "event": "confidence", "value": 0.95, "smoothed": 0.95}
{"t": 96.157, "state": "WAKING", "event": "confidence", "value": 0.95, "smoothed": 0.95}
{"t": 96.657, "state": "WAKING", "event": "confidence", "value": 0.95, "smoothed": 0.95}
{"t": 97.158, "state": "WAKING", "event": "confidence", "value": 0.95, "smoothed": 0.95}
{"t": 97.658, "state": "WAKING", "event": "confidence", "value": 0.95, "smoothed": 0.95}
{"t": 98.158, "state": "WAKING", "event": "confidence", "value": 0.95, "smoothed": 0.95}
{"t": 98.659, "state": "WAKING", "event": "confidence", "value": 0.95, "smoothed": 0.95}
{"t": 99.159, "state": "WAKING", "event": "confidence", "value": 0.95, "smoothed": 0.95}
{"t": 99.659, "state": "WAKING", "event": "confidence", "value": 0.95, "smoothed": 0.95}
{"t": 100.16, "state": "WAKING", "event": "confidence", "value": 0.95, "smoothed": 0.95}
{"t": 100.66, "state": "WAKING", "event": "confidence", "value": 0.95, "smoothed": 0.95}
{"t": 101.16, "state": "WAKING", "event": "confidence", "value": 0.95, "smoothed": 0.95}
{"t": 101.66, "state": "WAKING", "event": "confidence", "value": 0.95, "smoothed": 0.95}
{"t": 102.161, "state": "WAKING", "event": "confidence", "value": 0.95, "smoothed": 0.95}
{"t": 102.661, "state": "WAKING", "event": "confidence", "value": 0.95, "smoothed": 0.95}
{"t": 103.161, "state": "WAKING", "event": "confidence", "value": 0.95, "smoothed": 0.95}
{"t": 103.661, "state": "WAKING", "event": "confidence", "value": 0.95, "smoothed": 0.95}
{"t": 104.162, "state": "WAKING", "event": "confidence", "value": 0.95, "smoothed": 0.95}
{"t": 104.662, "state": "WAKING", "event": "confidence", "value": 0.95, "smoothed": 0.95}
{"t": 105.162, "state": "WAKING", "event": "confidence", "value": 0.95, "smoothed": 0.95}
{"t": 105.663, "state": "WAKING", "event": "confidence", "value": 0.95, "smoothed": 0.95}
{"t": 106.163, "state": "WAKING", "event": "confidence", "value": 0.95, "smoothed": 0.95}
{"t": 106.663, "state": "WAKING", "event": "confidence", "value": 0.95, "smoothed": 0.95}
{"t": 107.164, "state": "WAKING", "event": "confidence", "value": 0.95, "smoothed": 0.95}
{"t": 107.664, "state": "WAKING", "event": "confidence", "value": 0.95, "smoothed": 0.95}
{"t": 108.164, "state": "WAKING", "event": "confidence", "value": 0.95, "smoothed": 0.95}
{"t": 108.664, "state": "WAKING", "event": "confidence", "value": 0.95, "smoothed": 0.95}
{"t": 109.165, "state": "WAKING", "event": "confidence", "value": 0.95, "smoothed": 0.95}
{"t": 109.665, "state": "WAKING", "event": "confidence", "value": 0.95, "smoothed": 0.95}
{"t": 110.165, "state": "WAKING", "event": "confidence", "value": 0.95, "smoothed": 0.95}
{"t": 110.665, "state": "WAKING", "event": "confidence", "value": 0.95, "smoothed": 0.95}
{"t": 111.165, "state": "WAKING", "event": "confidence", "value": 0.95, "smoothed": 0.95}
{"t": 111.666, "state": "WAKING", "event": "confidence", "value": 0.95, "smoothed": 0.95}
{"t": 112.166, "state": "WAKING", "event": "confidence", "value": 0.95, "smoothed": 0.95}
{"t": 112.667, "state": "WAKING", "event": "confidence", "value": 0.95, "smoothed": 0.95}
{"t": 113.166, "state": "WAKING", "event": "confidence", "value": 0.95, "smoothed": 0.95}
{"t": 113.666, "state": "WAKING", "event": "confidence", "value": 0.95, "smoothed": 0.95}
{"t": 114.166, "state": "WAKING", "event": "confidence", "value": 0.95, "smoothed": 0.95}
{"t": 114.667, "state": "WAKING", "event": "confidence", "value": 0.95, "smoothed": 0.95}
{"t": 115.167, "state": "WAKING", "event": "confidence", "value": 0.95, "smoothed": 0.95}
{"t": 115.667, "state": "WAKING", "event": "confidence", "value": 0.95, "smoothed": 0.95}
{"t": 116.167, "state": "WAKING", "event": "confidence", "value": 0.95, "smoothed": 0.95}
{"t": 116.667, "state": "WAKING", "event": "confidence", "value": 0.95, "smoothed": 0.95}
{"t": 117.168, "state": "WAKING", "event": "confidence", "value": 0.95, "smoothed": 0.95}
{"t": 117.668, "state": "WAKING", "event": "confidence", "value": 0.95, "smoothed": 0.95}
{"t": 118.168, "state": "WAKING", "event": "confidence", "value": 0.95, "smoothed": 0.95}
{"t": 118.668, "state": "WAKING", "event": "confidence", "value": 0.95, "smoothed": 0.95}
{"t": 119.168, "state": "WAKING", "event": "confidence", "value": 0.95, "smoothed": 0.95}
{"t": 119.669, "state": "WAKING", "event": "confidence", "value": 0.95, "smoothed": 0.95}
{"t": 120.169, "state": "WAKING", "event": "confidence", "value": 0.95, "smoothed": 0.95}
{"t": 120.669, "state": "WAKING", "event": "confidence", "value": 0.95, "smoothed": 0.95}
{"t": 121.169, "state": "WAKING", "event": "confidence", "value": 0.95, "smoothed": 0.95}
{"t": 121.669, "state": "WAKING", "event": "confidence", "value": 0.95, "smoothed": 0.95}
{"t": 122.17, "state": "WAKING", "event": "confidence", "value": 0.95, "smoothed": 0.95}
{"t": 122.67, "state": "WAKING", "event": "confidence", "value": 0.95, "smoothed": 0.95}
{"t": 123.17, "state": "WAKING", "event": "confidence", "value": 0.95, "smoothed": 0.95}
{"t": 123.67, "state": "WAKING", "event": "confidence", "value": 0.95, "smoothed": 0.95}
{"t": 124.17, "state": "WAKING", "event": "confidence", "value": 0.95, "smoothed": 0.95}
{"t": 124.671, "state": "WAKING", "event": "confidence", "value": 0.95, "smoothed": 0.95}
{"t": 125.171, "state": "WAKING", "event": "confidence", "value": 0.95, "smoothed": 0.95}
{"t": 125.671, "state": "WAKING", "event": "confidence", "value": 0.95, "smoothed": 0.95}
{"t": 126.171, "state": "WAKING", "event": "confidence", "value": 0.95, "smoothed": 0.95}
{"t": 126.672, "state": "WAKING", "event": "confidence", "value": 0.95, "smoothed": 0.95}
{"t": 127.172, "state": "WAKING", "event": "confidence", "value": 0.95, "smoothed": 0.95}
{"t": 127.672, "state": "WAKING", "event": "confidence", "value": 0.95, "smoothed": 0.95}
{"t": 128.172, "state": "WAKING", "event": "confidence", "value": 0.95, "smoothed": 0.95}
{"t": 128.673, "state": "WAKING", "event": "confidence", "value": 0.95, "smoothed": 0.95}
{"t": 129.173, "state": "WAKING", "event": "confidence", "value": 0.95, "smoothed": 0.95}
{"t": 129.673, "state": "WAKING", "event": "confidence", "value": 0.95, "smoothed": 0.95}
{"t": 130.173, "state": "WAKING", "event": "confidence", "value": 0.95, "smoothed": 0.95}
{"t": 130.674, "state": "WAKING", "event": "confidence", "value": 0.95, "smoothed": 0.95}
{"t": 131.174, "state": "WAKING", "event": "confidence", "value": 0.95, "smoothed": 0.95}
{"t": 131.674, "state": "WAKING", "event": "confidence", "value": 0.95, "smoothed": 0.95}
{"t": 132.174, "state": "WAKING", "event": "confidence", "value": 0.95, "smoothed": 0.95}
{"t": 132.674, "state": "WAKING", "event": "confidence", "value": 0.95, "smoothed": 0.95}
{"t": 133.174, "state": "WAKING", "event": "confidence", "value": 0.95, "smoothed": 0.95}
{"t": 133.675, "state": "WAKING", "event": "confidence", "value": 0.95, "smoothed": 0.95}
{"t": 134.175, "state": "WAKING", "event": "confidence", "value": 0.95, "smoothed": 0.95}
{"t": 134.675, "state": "WAKING", "event": "confidence", "value": 0.95, "smoothed": 0.95}
{"t": 135.175, "state": "WAKING", "event": "confidence", "value": 0.95, "smoothed": 0.95}
{"t": 135.676, "state": "WAKING", "event": "confidence", "value": 0.95, "smoothed": 0.95}
{"t": 136.176, "state": "WAKING", "event": "confidence", "value": 0.95, "smoothed": 0.95}
{"t": 136.676, "state": "WAKING", "event": "confidence", "value": 0.95, "smoothed": 0.95}
{"t": 137.176, "state": "WAKING", "event": "confidence", "value": 0.95, "smoothed": 0.95}
{"t": 137.676, "state": "WAKING", "event": "confidence", "value": 0.95, "smoothed": 0.95}
{"t": 138.177, "state": "WAKING", "event": "confidence", "value": 0.95, "smoothed": 0.95}
{"t": 138.677, "state": "WAKING", "event": "confidence", "value": 0.95, "smoothed": 0.95}
{"t": 139.177, "state": "WAKING", "event": "confidence", "value": 0.95, "smoothed": 0.95}
{"t": 139.678, "state": "WAKING", "event": "confidence", "value": 0.95, "smoothed": 0.95}
{"t": 140.178, "state": "WAKING", "event": "confidence", "value": 0.95, "smoothed": 0.95}
{"t": 140.678, "state": "WAKING", "event": "confidence", "value": 0.95, "smoothed": 0.95}
{"t": 141.178, "state": "WAKING", "event": "confidence", "value": 0.95, "smoothed": 0.95}
{"t": 141.678, "state": "WAKING", "event": "confidence", "value": 0.95, "smoothed": 0.95}
{"t": 142.179, "state": "WAKING", "event": "confidence", "value": 0.95, "smoothed": 0.95}
{"t": 142.679, "state": "WAKING", "event": "confidence", "value": 0.95, "smoothed": 0.95}
{"t": 143.179, "state": "WAKING", "event": "confidence", "value": 0.95, "smoothed": 0.95}
{"t": 143.68, "state": "WAKING", "event": "confidence", "value": 0.95, "smoothed": 0.95}
{"t": 144.18, "state": "WAKING", "event": "confidence", "value": 0.95, "smoothed": 0.95}
{"t": 144.68, "state": "WAKING", "event": "confidence", "value": 0.95, "smoothed": 0.95}
{"t": 145.18, "state": "WAKING", "event": "confidence", "value": 0.95, "smoothed": 0.95}
{"t": 145.68, "state": "WAKING", "event": "confidence", "value": 0.95, "smoothed": 0.95}
{"t": 146.18, "state": "WAKING", "event": "confidence", "value": 0.95, "smoothed": 0.95}
{"t": 146.68, "state": "WAKING", "event": "confidence", "value": 0.95, "smoothed": 0.95}
{"t": 147.18, "state": "WAKING", "event": "confidence", "value": 0.95, "smoothed": 0.95}
{"t": 147.681, "state": "WAKING", "event": "confidence", "value": 0.95, "smoothed": 0.95}
{"t": 148.181, "state": "WAKING", "event": "confidence", "value": 0.95, "smoothed": 0.95}
{"t": 148.681, "state": "WAKING", "event": "confidence", "value": 0.95, "smoothed": 0.95}
{"t": 149.181, "state": "WAKING", "event": "confidence", "value": 0.95, "smoothed": 0.95}
{"t": 149.681, "state": "WAKING", "event": "confidence", "value": 0.95, "smoothed": 0.95}
{"t": 150.182, "state": "WAKING", "event": "confidence", "value": 0.95, "smoothed": 0.95}
{"t": 150.682, "state": "WAKING", "event": "confidence", "value": 0.95, "smoothed": 0.95}
{"t": 151.182, "state": "WAKING", "event": "confidence", "value": 0.95, "smoothed": 0.95}
{"t": 151.682, "state": "WAKING", "event": "confidence", "value": 0.95, "smoothed": 0.95}
{"t": 152.182, "state": "WAKING", "event": "confidence", "value": 0.95, "smoothed": 0.95}
{"t": 152.683, "state": "WAKING", "event": "confidence", "value": 0.95, "smoothed": 0.95}
{"t": 153.183, "state": "WAKING", "event": "confidence", "value": 0.95, "smoothed": 0.95}
{"t": 153.683, "state": "WAKING", "event": "confidence", "value": 0.95, "smoothed": 0.95}
{"t": 154.183, "state": "WAKING", "event": "confidence", "value": 0.95, "smoothed": 0.95}
{"t": 154.683, "state": "WAKING", "event": "confidence", "value": 0.95, "smoothed": 0.95}
{"t": 155.184, "state": "WAKING", "event": "confidence", "value": 0.95, "smoothed": 0.95}
{"t": 155.684, "state": "WAKING", "event": "confidence", "value": 0.95, "smoothed": 0.95}
{"t": 156.185, "state": "WAKING", "event": "confidence", "value": 0.95, "smoothed": 0.95}
{"t": 156.685, "state": "WAKING", "event": "confidence", "value": 0.95, "smoothed": 0.95}
{"t": 157.185, "state": "WAKING", "event": "confidence", "value": 0.95, "smoothed": 0.95}
{"t": 157.685, "state": "WAKING", "event": "confidence", "value": 0.95, "smoothed": 0.95}
{"t": 158.186, "state": "WAKING", "event": "confidence", "value": 0.95, "smoothed": 0.95}
{"t": 158.686, "state": "WAKING", "event": "confidence", "value": 0.95, "smoothed": 0.95}
{"t": 159.186, "state": "WAKING", "event": "confidence", "value": 0.95, "smoothed": 0.95}
{"t": 159.687, "state": "WAKING", "event": "confidence", "value": 0.95, "smoothed": 0.95}
{"t": 160.187, "state": "WAKING", "event": "confidence", "value": 0.95, "smoothed": 0.95}
{"t": 160.687, "state": "WAKING", "event": "confidence", "value": 0.95, "smoothed": 0.95}
{"t": 161.187, "state": "WAKING", "event": "confidence", "value": 0.95, "smoothed": 0.95}
{"t": 161.687, "state": "WAKING", "event": "confidence", "value": 0.95, "smoothed": 0.95}
{"t": 162.188, "state": "WAKING", "event": "confidence", "value": 0.95, "smoothed": 0.95}
{"t": 162.688, "state": "WAKING", "event": "confidence", "value": 0.95, "smoothed": 0.95}
{"t": 163.188, "state": "WAKING", "event": "confidence", "value": 0.95, "smoothed": 0.95}
{"t": 163.384, "state": "AWAKE", "event": "awake", "wake_seconds": 156.76, "loader": {"compose_up_seconds": 3.02, "first_output_seconds": 151.08}}
[continuous_1] done: latency=156.76s
cooldown up to 30.0s (baseline tj=52.968)...
[burst_2] docker compose down + drop page cache
[burst_2] tegrastats -> mmap_sandbox/results/burst_vs_continuous_run1/burst_2/tegrastats.log
[burst_2] launch watcher: /home/student/Documents/projects/wildfire_detection/.venv/bin/python3 /home/student/Documents/projects/wildfire_detection/fire_watcher/fire_watcher.py --sock mmap_sandbox/results/burst_vs_continuous_run1/burst_2/watcher.sock --wake-mode compose --log mmap_sandbox/results/burst_vs_continuous_run1/burst_2/watch.jsonl --compose-file /home/student/Documents/projects/wildfire_detection/docker-compose_fused_system.yaml --ready-file /home/student/Documents/projects/wildfire_detection/data/out_txt --ready-timeout 300.0 --prewarm-at 0.85 --wake-at 0.85 --sleep-at 0.4 --ema-alpha 0.4
{"t": 0.0, "state": "SLEEPING", "event": "listening", "sock": "mmap_sandbox/results/burst_vs_continuous_run1/burst_2/watcher.sock", "wake_mode": "compose"}
[burst_2] launch mht_sim: /home/student/Documents/projects/wildfire_detection/.venv/bin/python3 /home/student/Documents/projects/wildfire_detection/fire_watcher/mht_sim.py mmap_sandbox/results/burst_vs_continuous_run1/burst_2/watcher.sock 0.20:5,0.95:600 --interval 0.5 --noise 0.0 --seed 42
[burst_2] waiting for 'awake' (timeout 360s) ...
{"t": 0.125, "state": "SLEEPING", "event": "confidence", "value": 0.2, "smoothed": 0.2}
{"t": 0.625, "state": "SLEEPING", "event": "confidence", "value": 0.2, "smoothed": 0.2}
{"t": 1.125, "state": "SLEEPING", "event": "confidence", "value": 0.2, "smoothed": 0.2}
{"t": 1.625, "state": "SLEEPING", "event": "confidence", "value": 0.2, "smoothed": 0.2}
{"t": 2.126, "state": "SLEEPING", "event": "confidence", "value": 0.2, "smoothed": 0.2}
{"t": 2.626, "state": "SLEEPING", "event": "confidence", "value": 0.2, "smoothed": 0.2}
{"t": 3.127, "state": "SLEEPING", "event": "confidence", "value": 0.2, "smoothed": 0.2}
{"t": 3.627, "state": "SLEEPING", "event": "confidence", "value": 0.2, "smoothed": 0.2}
{"t": 4.127, "state": "SLEEPING", "event": "confidence", "value": 0.2, "smoothed": 0.2}
{"t": 4.627, "state": "SLEEPING", "event": "confidence", "value": 0.2, "smoothed": 0.2}
{"t": 5.128, "state": "SLEEPING", "event": "confidence", "value": 0.95, "smoothed": 0.5}
{"t": 5.628, "state": "SLEEPING", "event": "confidence", "value": 0.95, "smoothed": 0.68}
{"t": 6.129, "state": "SLEEPING", "event": "confidence", "value": 0.95, "smoothed": 0.788}
{"t": 6.629, "state": "SLEEPING", "event": "confidence", "value": 0.95, "smoothed": 0.853}
{"t": 6.631, "state": "WAKING", "event": "wake_start", "confidence": 0.8528, "from_state": "SLEEPING"}
{"t": 7.13, "state": "WAKING", "event": "confidence", "value": 0.95, "smoothed": 0.892}
{"t": 7.63, "state": "WAKING", "event": "confidence", "value": 0.95, "smoothed": 0.915}
{"t": 8.13, "state": "WAKING", "event": "confidence", "value": 0.95, "smoothed": 0.929}
{"t": 8.63, "state": "WAKING", "event": "confidence", "value": 0.95, "smoothed": 0.937}
{"t": 9.13, "state": "WAKING", "event": "confidence", "value": 0.95, "smoothed": 0.942}
{"t": 9.631, "state": "WAKING", "event": "confidence", "value": 0.95, "smoothed": 0.945}
{"t": 10.131, "state": "WAKING", "event": "confidence", "value": 0.95, "smoothed": 0.947}
{"t": 10.631, "state": "WAKING", "event": "confidence", "value": 0.95, "smoothed": 0.948}
{"t": 11.131, "state": "WAKING", "event": "confidence", "value": 0.95, "smoothed": 0.949}
{"t": 11.631, "state": "WAKING", "event": "confidence", "value": 0.95, "smoothed": 0.949}
{"t": 12.131, "state": "WAKING", "event": "confidence", "value": 0.95, "smoothed": 0.95}
{"t": 12.632, "state": "WAKING", "event": "confidence", "value": 0.95, "smoothed": 0.95}
{"t": 13.132, "state": "WAKING", "event": "confidence", "value": 0.95, "smoothed": 0.95}
{"t": 13.632, "state": "WAKING", "event": "confidence", "value": 0.95, "smoothed": 0.95}
{"t": 14.132, "state": "WAKING", "event": "confidence", "value": 0.95, "smoothed": 0.95}
{"t": 14.632, "state": "WAKING", "event": "confidence", "value": 0.95, "smoothed": 0.95}
{"t": 15.133, "state": "WAKING", "event": "confidence", "value": 0.95, "smoothed": 0.95}
{"t": 15.633, "state": "WAKING", "event": "confidence", "value": 0.95, "smoothed": 0.95}
{"t": 16.133, "state": "WAKING", "event": "confidence", "value": 0.95, "smoothed": 0.95}
{"t": 16.633, "state": "WAKING", "event": "confidence", "value": 0.95, "smoothed": 0.95}
{"t": 17.133, "state": "WAKING", "event": "confidence", "value": 0.95, "smoothed": 0.95}
{"t": 17.634, "state": "WAKING", "event": "confidence", "value": 0.95, "smoothed": 0.95}
{"t": 18.134, "state": "WAKING", "event": "confidence", "value": 0.95, "smoothed": 0.95}
{"t": 18.634, "state": "WAKING", "event": "confidence", "value": 0.95, "smoothed": 0.95}
{"t": 19.134, "state": "WAKING", "event": "confidence", "value": 0.95, "smoothed": 0.95}
{"t": 19.634, "state": "WAKING", "event": "confidence", "value": 0.95, "smoothed": 0.95}
{"t": 20.135, "state": "WAKING", "event": "confidence", "value": 0.95, "smoothed": 0.95}
{"t": 20.635, "state": "WAKING", "event": "confidence", "value": 0.95, "smoothed": 0.95}
{"t": 21.135, "state": "WAKING", "event": "confidence", "value": 0.95, "smoothed": 0.95}
{"t": 21.635, "state": "WAKING", "event": "confidence", "value": 0.95, "smoothed": 0.95}
{"t": 22.135, "state": "WAKING", "event": "confidence", "value": 0.95, "smoothed": 0.95}
{"t": 22.635, "state": "WAKING", "event": "confidence", "value": 0.95, "smoothed": 0.95}
{"t": 23.136, "state": "WAKING", "event": "confidence", "value": 0.95, "smoothed": 0.95}
{"t": 23.636, "state": "WAKING", "event": "confidence", "value": 0.95, "smoothed": 0.95}
{"t": 24.136, "state": "WAKING", "event": "confidence", "value": 0.95, "smoothed": 0.95}
{"t": 24.636, "state": "WAKING", "event": "confidence", "value": 0.95, "smoothed": 0.95}
{"t": 25.136, "state": "WAKING", "event": "confidence", "value": 0.95, "smoothed": 0.95}
{"t": 25.637, "state": "WAKING", "event": "confidence", "value": 0.95, "smoothed": 0.95}
{"t": 26.137, "state": "WAKING", "event": "confidence", "value": 0.95, "smoothed": 0.95}
{"t": 26.637, "state": "WAKING", "event": "confidence", "value": 0.95, "smoothed": 0.95}
{"t": 27.137, "state": "WAKING", "event": "confidence", "value": 0.95, "smoothed": 0.95}
{"t": 27.637, "state": "WAKING", "event": "confidence", "value": 0.95, "smoothed": 0.95}
{"t": 28.137, "state": "WAKING", "event": "confidence", "value": 0.95, "smoothed": 0.95}
{"t": 28.638, "state": "WAKING", "event": "confidence", "value": 0.95, "smoothed": 0.95}
{"t": 29.138, "state": "WAKING", "event": "confidence", "value": 0.95, "smoothed": 0.95}
{"t": 29.638, "state": "WAKING", "event": "confidence", "value": 0.95, "smoothed": 0.95}
{"t": 30.138, "state": "WAKING", "event": "confidence", "value": 0.95, "smoothed": 0.95}
{"t": 30.638, "state": "WAKING", "event": "confidence", "value": 0.95, "smoothed": 0.95}
{"t": 31.139, "state": "WAKING", "event": "confidence", "value": 0.95, "smoothed": 0.95}
{"t": 31.639, "state": "WAKING", "event": "confidence", "value": 0.95, "smoothed": 0.95}
{"t": 32.139, "state": "WAKING", "event": "confidence", "value": 0.95, "smoothed": 0.95}
{"t": 32.639, "state": "WAKING", "event": "confidence", "value": 0.95, "smoothed": 0.95}
{"t": 33.139, "state": "WAKING", "event": "confidence", "value": 0.95, "smoothed": 0.95}
{"t": 33.639, "state": "WAKING", "event": "confidence", "value": 0.95, "smoothed": 0.95}
{"t": 34.14, "state": "WAKING", "event": "confidence", "value": 0.95, "smoothed": 0.95}
{"t": 34.64, "state": "WAKING", "event": "confidence", "value": 0.95, "smoothed": 0.95}
{"t": 35.14, "state": "WAKING", "event": "confidence", "value": 0.95, "smoothed": 0.95}
{"t": 35.64, "state": "WAKING", "event": "confidence", "value": 0.95, "smoothed": 0.95}
{"t": 36.14, "state": "WAKING", "event": "confidence", "value": 0.95, "smoothed": 0.95}
{"t": 36.641, "state": "WAKING", "event": "confidence", "value": 0.95, "smoothed": 0.95}
{"t": 37.141, "state": "WAKING", "event": "confidence", "value": 0.95, "smoothed": 0.95}
{"t": 37.641, "state": "WAKING", "event": "confidence", "value": 0.95, "smoothed": 0.95}
{"t": 38.141, "state": "WAKING", "event": "confidence", "value": 0.95, "smoothed": 0.95}
{"t": 38.641, "state": "WAKING", "event": "confidence", "value": 0.95, "smoothed": 0.95}
{"t": 39.142, "state": "WAKING", "event": "confidence", "value": 0.95, "smoothed": 0.95}
{"t": 39.642, "state": "WAKING", "event": "confidence", "value": 0.95, "smoothed": 0.95}
{"t": 40.142, "state": "WAKING", "event": "confidence", "value": 0.95, "smoothed": 0.95}
{"t": 40.642, "state": "WAKING", "event": "confidence", "value": 0.95, "smoothed": 0.95}
{"t": 41.142, "state": "WAKING", "event": "confidence", "value": 0.95, "smoothed": 0.95}
{"t": 41.642, "state": "WAKING", "event": "confidence", "value": 0.95, "smoothed": 0.95}
{"t": 42.143, "state": "WAKING", "event": "confidence", "value": 0.95, "smoothed": 0.95}
{"t": 42.643, "state": "WAKING", "event": "confidence", "value": 0.95, "smoothed": 0.95}
{"t": 43.143, "state": "WAKING", "event": "confidence", "value": 0.95, "smoothed": 0.95}
{"t": 43.643, "state": "WAKING", "event": "confidence", "value": 0.95, "smoothed": 0.95}
{"t": 44.143, "state": "WAKING", "event": "confidence", "value": 0.95, "smoothed": 0.95}
{"t": 44.644, "state": "WAKING", "event": "confidence", "value": 0.95, "smoothed": 0.95}
{"t": 45.144, "state": "WAKING", "event": "confidence", "value": 0.95, "smoothed": 0.95}
{"t": 45.644, "state": "WAKING", "event": "confidence", "value": 0.95, "smoothed": 0.95}
{"t": 46.144, "state": "WAKING", "event": "confidence", "value": 0.95, "smoothed": 0.95}
{"t": 46.644, "state": "WAKING", "event": "confidence", "value": 0.95, "smoothed": 0.95}
{"t": 47.144, "state": "WAKING", "event": "confidence", "value": 0.95, "smoothed": 0.95}
{"t": 47.645, "state": "WAKING", "event": "confidence", "value": 0.95, "smoothed": 0.95}
{"t": 48.145, "state": "WAKING", "event": "confidence", "value": 0.95, "smoothed": 0.95}
{"t": 48.645, "state": "WAKING", "event": "confidence", "value": 0.95, "smoothed": 0.95}
{"t": 49.145, "state": "WAKING", "event": "confidence", "value": 0.95, "smoothed": 0.95}
{"t": 49.645, "state": "WAKING", "event": "confidence", "value": 0.95, "smoothed": 0.95}
{"t": 50.146, "state": "WAKING", "event": "confidence", "value": 0.95, "smoothed": 0.95}
{"t": 50.646, "state": "WAKING", "event": "confidence", "value": 0.95, "smoothed": 0.95}
{"t": 51.146, "state": "WAKING", "event": "confidence", "value": 0.95, "smoothed": 0.95}
{"t": 51.646, "state": "WAKING", "event": "confidence", "value": 0.95, "smoothed": 0.95}
{"t": 52.146, "state": "WAKING", "event": "confidence", "value": 0.95, "smoothed": 0.95}
{"t": 52.646, "state": "WAKING", "event": "confidence", "value": 0.95, "smoothed": 0.95}
{"t": 53.147, "state": "WAKING", "event": "confidence", "value": 0.95, "smoothed": 0.95}
{"t": 53.647, "state": "WAKING", "event": "confidence", "value": 0.95, "smoothed": 0.95}
{"t": 54.147, "state": "WAKING", "event": "confidence", "value": 0.95, "smoothed": 0.95}
{"t": 54.647, "state": "WAKING", "event": "confidence", "value": 0.95, "smoothed": 0.95}
{"t": 55.147, "state": "WAKING", "event": "confidence", "value": 0.95, "smoothed": 0.95}
{"t": 55.648, "state": "WAKING", "event": "confidence", "value": 0.95, "smoothed": 0.95}
{"t": 56.148, "state": "WAKING", "event": "confidence", "value": 0.95, "smoothed": 0.95}
{"t": 56.648, "state": "WAKING", "event": "confidence", "value": 0.95, "smoothed": 0.95}
{"t": 57.148, "state": "WAKING", "event": "confidence", "value": 0.95, "smoothed": 0.95}
{"t": 57.648, "state": "WAKING", "event": "confidence", "value": 0.95, "smoothed": 0.95}
{"t": 58.149, "state": "WAKING", "event": "confidence", "value": 0.95, "smoothed": 0.95}
{"t": 58.649, "state": "WAKING", "event": "confidence", "value": 0.95, "smoothed": 0.95}
{"t": 59.149, "state": "WAKING", "event": "confidence", "value": 0.95, "smoothed": 0.95}
{"t": 59.649, "state": "WAKING", "event": "confidence", "value": 0.95, "smoothed": 0.95}
{"t": 60.149, "state": "WAKING", "event": "confidence", "value": 0.95, "smoothed": 0.95}
{"t": 60.65, "state": "WAKING", "event": "confidence", "value": 0.95, "smoothed": 0.95}
{"t": 61.153, "state": "WAKING", "event": "confidence", "value": 0.95, "smoothed": 0.95}
{"t": 61.653, "state": "WAKING", "event": "confidence", "value": 0.95, "smoothed": 0.95}
{"t": 62.153, "state": "WAKING", "event": "confidence", "value": 0.95, "smoothed": 0.95}
{"t": 62.654, "state": "WAKING", "event": "confidence", "value": 0.95, "smoothed": 0.95}
{"t": 63.155, "state": "WAKING", "event": "confidence", "value": 0.95, "smoothed": 0.95}
{"t": 63.656, "state": "WAKING", "event": "confidence", "value": 0.95, "smoothed": 0.95}
{"t": 64.156, "state": "WAKING", "event": "confidence", "value": 0.95, "smoothed": 0.95}
{"t": 64.657, "state": "WAKING", "event": "confidence", "value": 0.95, "smoothed": 0.95}
{"t": 65.157, "state": "WAKING", "event": "confidence", "value": 0.95, "smoothed": 0.95}
{"t": 65.657, "state": "WAKING", "event": "confidence", "value": 0.95, "smoothed": 0.95}
{"t": 66.158, "state": "WAKING", "event": "confidence", "value": 0.95, "smoothed": 0.95}
{"t": 66.658, "state": "WAKING", "event": "confidence", "value": 0.95, "smoothed": 0.95}
{"t": 67.158, "state": "WAKING", "event": "confidence", "value": 0.95, "smoothed": 0.95}
{"t": 67.658, "state": "WAKING", "event": "confidence", "value": 0.95, "smoothed": 0.95}
{"t": 68.159, "state": "WAKING", "event": "confidence", "value": 0.95, "smoothed": 0.95}
{"t": 68.659, "state": "WAKING", "event": "confidence", "value": 0.95, "smoothed": 0.95}
{"t": 69.159, "state": "WAKING", "event": "confidence", "value": 0.95, "smoothed": 0.95}
{"t": 69.659, "state": "WAKING", "event": "confidence", "value": 0.95, "smoothed": 0.95}
{"t": 70.16, "state": "WAKING", "event": "confidence", "value": 0.95, "smoothed": 0.95}
{"t": 70.66, "state": "WAKING", "event": "confidence", "value": 0.95, "smoothed": 0.95}
{"t": 71.163, "state": "WAKING", "event": "confidence", "value": 0.95, "smoothed": 0.95}
{"t": 71.663, "state": "WAKING", "event": "confidence", "value": 0.95, "smoothed": 0.95}
{"t": 72.163, "state": "WAKING", "event": "confidence", "value": 0.95, "smoothed": 0.95}
{"t": 72.663, "state": "WAKING", "event": "confidence", "value": 0.95, "smoothed": 0.95}
{"t": 73.164, "state": "WAKING", "event": "confidence", "value": 0.95, "smoothed": 0.95}
{"t": 73.664, "state": "WAKING", "event": "confidence", "value": 0.95, "smoothed": 0.95}
{"t": 74.165, "state": "WAKING", "event": "confidence", "value": 0.95, "smoothed": 0.95}
{"t": 74.665, "state": "WAKING", "event": "confidence", "value": 0.95, "smoothed": 0.95}
{"t": 75.165, "state": "WAKING", "event": "confidence", "value": 0.95, "smoothed": 0.95}
{"t": 75.665, "state": "WAKING", "event": "confidence", "value": 0.95, "smoothed": 0.95}
{"t": 76.165, "state": "WAKING", "event": "confidence", "value": 0.95, "smoothed": 0.95}
{"t": 76.666, "state": "WAKING", "event": "confidence", "value": 0.95, "smoothed": 0.95}
{"t": 77.166, "state": "WAKING", "event": "confidence", "value": 0.95, "smoothed": 0.95}
{"t": 77.666, "state": "WAKING", "event": "confidence", "value": 0.95, "smoothed": 0.95}
{"t": 78.167, "state": "WAKING", "event": "confidence", "value": 0.95, "smoothed": 0.95}
{"t": 78.667, "state": "WAKING", "event": "confidence", "value": 0.95, "smoothed": 0.95}
{"t": 79.167, "state": "WAKING", "event": "confidence", "value": 0.95, "smoothed": 0.95}
{"t": 79.667, "state": "WAKING", "event": "confidence", "value": 0.95, "smoothed": 0.95}
{"t": 80.167, "state": "WAKING", "event": "confidence", "value": 0.95, "smoothed": 0.95}
{"t": 80.668, "state": "WAKING", "event": "confidence", "value": 0.95, "smoothed": 0.95}
{"t": 81.168, "state": "WAKING", "event": "confidence", "value": 0.95, "smoothed": 0.95}
{"t": 81.668, "state": "WAKING", "event": "confidence", "value": 0.95, "smoothed": 0.95}
{"t": 82.168, "state": "WAKING", "event": "confidence", "value": 0.95, "smoothed": 0.95}
{"t": 82.669, "state": "WAKING", "event": "confidence", "value": 0.95, "smoothed": 0.95}
{"t": 83.169, "state": "WAKING", "event": "confidence", "value": 0.95, "smoothed": 0.95}
{"t": 83.669, "state": "WAKING", "event": "confidence", "value": 0.95, "smoothed": 0.95}
{"t": 84.17, "state": "WAKING", "event": "confidence", "value": 0.95, "smoothed": 0.95}
{"t": 84.67, "state": "WAKING", "event": "confidence", "value": 0.95, "smoothed": 0.95}
{"t": 85.17, "state": "WAKING", "event": "confidence", "value": 0.95, "smoothed": 0.95}
{"t": 85.671, "state": "WAKING", "event": "confidence", "value": 0.95, "smoothed": 0.95}
{"t": 86.171, "state": "WAKING", "event": "confidence", "value": 0.95, "smoothed": 0.95}
{"t": 86.672, "state": "WAKING", "event": "confidence", "value": 0.95, "smoothed": 0.95}
{"t": 87.172, "state": "WAKING", "event": "confidence", "value": 0.95, "smoothed": 0.95}
{"t": 87.672, "state": "WAKING", "event": "confidence", "value": 0.95, "smoothed": 0.95}
{"t": 88.172, "state": "WAKING", "event": "confidence", "value": 0.95, "smoothed": 0.95}
{"t": 88.672, "state": "WAKING", "event": "confidence", "value": 0.95, "smoothed": 0.95}
{"t": 89.172, "state": "WAKING", "event": "confidence", "value": 0.95, "smoothed": 0.95}
{"t": 89.672, "state": "WAKING", "event": "confidence", "value": 0.95, "smoothed": 0.95}
{"t": 90.173, "state": "WAKING", "event": "confidence", "value": 0.95, "smoothed": 0.95}
{"t": 90.673, "state": "WAKING", "event": "confidence", "value": 0.95, "smoothed": 0.95}
{"t": 91.173, "state": "WAKING", "event": "confidence", "value": 0.95, "smoothed": 0.95}
{"t": 91.674, "state": "WAKING", "event": "confidence", "value": 0.95, "smoothed": 0.95}
{"t": 92.174, "state": "WAKING", "event": "confidence", "value": 0.95, "smoothed": 0.95}
{"t": 92.674, "state": "WAKING", "event": "confidence", "value": 0.95, "smoothed": 0.95}
{"t": 93.175, "state": "WAKING", "event": "confidence", "value": 0.95, "smoothed": 0.95}
{"t": 93.675, "state": "WAKING", "event": "confidence", "value": 0.95, "smoothed": 0.95}
{"t": 94.175, "state": "WAKING", "event": "confidence", "value": 0.95, "smoothed": 0.95}
{"t": 94.675, "state": "WAKING", "event": "confidence", "value": 0.95, "smoothed": 0.95}
{"t": 95.176, "state": "WAKING", "event": "confidence", "value": 0.95, "smoothed": 0.95}
{"t": 95.676, "state": "WAKING", "event": "confidence", "value": 0.95, "smoothed": 0.95}
{"t": 96.176, "state": "WAKING", "event": "confidence", "value": 0.95, "smoothed": 0.95}
{"t": 96.677, "state": "WAKING", "event": "confidence", "value": 0.95, "smoothed": 0.95}
{"t": 97.177, "state": "WAKING", "event": "confidence", "value": 0.95, "smoothed": 0.95}
{"t": 97.677, "state": "WAKING", "event": "confidence", "value": 0.95, "smoothed": 0.95}
{"t": 98.177, "state": "WAKING", "event": "confidence", "value": 0.95, "smoothed": 0.95}
{"t": 98.678, "state": "WAKING", "event": "confidence", "value": 0.95, "smoothed": 0.95}
{"t": 99.178, "state": "WAKING", "event": "confidence", "value": 0.95, "smoothed": 0.95}
{"t": 99.678, "state": "WAKING", "event": "confidence", "value": 0.95, "smoothed": 0.95}
{"t": 100.178, "state": "WAKING", "event": "confidence", "value": 0.95, "smoothed": 0.95}
{"t": 100.679, "state": "WAKING", "event": "confidence", "value": 0.95, "smoothed": 0.95}
{"t": 101.179, "state": "WAKING", "event": "confidence", "value": 0.95, "smoothed": 0.95}
{"t": 101.679, "state": "WAKING", "event": "confidence", "value": 0.95, "smoothed": 0.95}
{"t": 102.179, "state": "WAKING", "event": "confidence", "value": 0.95, "smoothed": 0.95}
{"t": 102.679, "state": "WAKING", "event": "confidence", "value": 0.95, "smoothed": 0.95}
{"t": 103.18, "state": "WAKING", "event": "confidence", "value": 0.95, "smoothed": 0.95}
{"t": 103.68, "state": "WAKING", "event": "confidence", "value": 0.95, "smoothed": 0.95}
{"t": 104.18, "state": "WAKING", "event": "confidence", "value": 0.95, "smoothed": 0.95}
{"t": 104.68, "state": "WAKING", "event": "confidence", "value": 0.95, "smoothed": 0.95}
{"t": 105.181, "state": "WAKING", "event": "confidence", "value": 0.95, "smoothed": 0.95}
{"t": 105.681, "state": "WAKING", "event": "confidence", "value": 0.95, "smoothed": 0.95}
{"t": 106.181, "state": "WAKING", "event": "confidence", "value": 0.95, "smoothed": 0.95}
{"t": 106.681, "state": "WAKING", "event": "confidence", "value": 0.95, "smoothed": 0.95}
{"t": 107.19, "state": "WAKING", "event": "confidence", "value": 0.95, "smoothed": 0.95}
{"t": 107.69, "state": "WAKING", "event": "confidence", "value": 0.95, "smoothed": 0.95}
{"t": 108.19, "state": "WAKING", "event": "confidence", "value": 0.95, "smoothed": 0.95}
{"t": 108.69, "state": "WAKING", "event": "confidence", "value": 0.95, "smoothed": 0.95}
{"t": 109.191, "state": "WAKING", "event": "confidence", "value": 0.95, "smoothed": 0.95}
{"t": 109.691, "state": "WAKING", "event": "confidence", "value": 0.95, "smoothed": 0.95}
{"t": 110.191, "state": "WAKING", "event": "confidence", "value": 0.95, "smoothed": 0.95}
{"t": 110.691, "state": "WAKING", "event": "confidence", "value": 0.95, "smoothed": 0.95}
{"t": 111.191, "state": "WAKING", "event": "confidence", "value": 0.95, "smoothed": 0.95}
{"t": 111.691, "state": "WAKING", "event": "confidence", "value": 0.95, "smoothed": 0.95}
{"t": 112.192, "state": "WAKING", "event": "confidence", "value": 0.95, "smoothed": 0.95}
{"t": 112.692, "state": "WAKING", "event": "confidence", "value": 0.95, "smoothed": 0.95}
{"t": 113.192, "state": "WAKING", "event": "confidence", "value": 0.95, "smoothed": 0.95}
{"t": 113.692, "state": "WAKING", "event": "confidence", "value": 0.95, "smoothed": 0.95}
{"t": 114.192, "state": "WAKING", "event": "confidence", "value": 0.95, "smoothed": 0.95}
{"t": 114.693, "state": "WAKING", "event": "confidence", "value": 0.95, "smoothed": 0.95}
{"t": 115.193, "state": "WAKING", "event": "confidence", "value": 0.95, "smoothed": 0.95}
{"t": 115.693, "state": "WAKING", "event": "confidence", "value": 0.95, "smoothed": 0.95}
{"t": 116.193, "state": "WAKING", "event": "confidence", "value": 0.95, "smoothed": 0.95}
{"t": 116.693, "state": "WAKING", "event": "confidence", "value": 0.95, "smoothed": 0.95}
{"t": 117.194, "state": "WAKING", "event": "confidence", "value": 0.95, "smoothed": 0.95}
{"t": 117.694, "state": "WAKING", "event": "confidence", "value": 0.95, "smoothed": 0.95}
{"t": 118.194, "state": "WAKING", "event": "confidence", "value": 0.95, "smoothed": 0.95}
{"t": 118.694, "state": "WAKING", "event": "confidence", "value": 0.95, "smoothed": 0.95}
{"t": 119.194, "state": "WAKING", "event": "confidence", "value": 0.95, "smoothed": 0.95}
{"t": 119.695, "state": "WAKING", "event": "confidence", "value": 0.95, "smoothed": 0.95}
{"t": 120.195, "state": "WAKING", "event": "confidence", "value": 0.95, "smoothed": 0.95}
{"t": 120.695, "state": "WAKING", "event": "confidence", "value": 0.95, "smoothed": 0.95}
{"t": 121.195, "state": "WAKING", "event": "confidence", "value": 0.95, "smoothed": 0.95}
{"t": 121.695, "state": "WAKING", "event": "confidence", "value": 0.95, "smoothed": 0.95}
{"t": 122.195, "state": "WAKING", "event": "confidence", "value": 0.95, "smoothed": 0.95}
{"t": 122.696, "state": "WAKING", "event": "confidence", "value": 0.95, "smoothed": 0.95}
{"t": 123.196, "state": "WAKING", "event": "confidence", "value": 0.95, "smoothed": 0.95}
{"t": 123.696, "state": "WAKING", "event": "confidence", "value": 0.95, "smoothed": 0.95}
{"t": 124.196, "state": "WAKING", "event": "confidence", "value": 0.95, "smoothed": 0.95}
{"t": 124.696, "state": "WAKING", "event": "confidence", "value": 0.95, "smoothed": 0.95}
{"t": 125.197, "state": "WAKING", "event": "confidence", "value": 0.95, "smoothed": 0.95}
{"t": 125.697, "state": "WAKING", "event": "confidence", "value": 0.95, "smoothed": 0.95}
{"t": 126.197, "state": "WAKING", "event": "confidence", "value": 0.95, "smoothed": 0.95}
{"t": 126.697, "state": "WAKING", "event": "confidence", "value": 0.95, "smoothed": 0.95}
{"t": 127.198, "state": "WAKING", "event": "confidence", "value": 0.95, "smoothed": 0.95}
{"t": 127.698, "state": "WAKING", "event": "confidence", "value": 0.95, "smoothed": 0.95}
{"t": 128.199, "state": "WAKING", "event": "confidence", "value": 0.95, "smoothed": 0.95}
{"t": 128.699, "state": "WAKING", "event": "confidence", "value": 0.95, "smoothed": 0.95}
{"t": 129.199, "state": "WAKING", "event": "confidence", "value": 0.95, "smoothed": 0.95}
{"t": 129.699, "state": "WAKING", "event": "confidence", "value": 0.95, "smoothed": 0.95}
{"t": 130.199, "state": "WAKING", "event": "confidence", "value": 0.95, "smoothed": 0.95}
{"t": 130.699, "state": "WAKING", "event": "confidence", "value": 0.95, "smoothed": 0.95}
{"t": 131.2, "state": "WAKING", "event": "confidence", "value": 0.95, "smoothed": 0.95}
{"t": 131.7, "state": "WAKING", "event": "confidence", "value": 0.95, "smoothed": 0.95}
{"t": 132.2, "state": "WAKING", "event": "confidence", "value": 0.95, "smoothed": 0.95}
{"t": 132.7, "state": "WAKING", "event": "confidence", "value": 0.95, "smoothed": 0.95}
{"t": 133.2, "state": "WAKING", "event": "confidence", "value": 0.95, "smoothed": 0.95}
{"t": 133.701, "state": "WAKING", "event": "confidence", "value": 0.95, "smoothed": 0.95}
{"t": 134.202, "state": "WAKING", "event": "confidence", "value": 0.95, "smoothed": 0.95}
{"t": 134.702, "state": "WAKING", "event": "confidence", "value": 0.95, "smoothed": 0.95}
{"t": 135.202, "state": "WAKING", "event": "confidence", "value": 0.95, "smoothed": 0.95}
{"t": 135.702, "state": "WAKING", "event": "confidence", "value": 0.95, "smoothed": 0.95}
{"t": 136.202, "state": "WAKING", "event": "confidence", "value": 0.95, "smoothed": 0.95}
{"t": 136.703, "state": "WAKING", "event": "confidence", "value": 0.95, "smoothed": 0.95}
{"t": 137.203, "state": "WAKING", "event": "confidence", "value": 0.95, "smoothed": 0.95}
{"t": 137.703, "state": "WAKING", "event": "confidence", "value": 0.95, "smoothed": 0.95}
{"t": 138.203, "state": "WAKING", "event": "confidence", "value": 0.95, "smoothed": 0.95}
{"t": 138.704, "state": "WAKING", "event": "confidence", "value": 0.95, "smoothed": 0.95}
{"t": 139.204, "state": "WAKING", "event": "confidence", "value": 0.95, "smoothed": 0.95}
{"t": 139.704, "state": "WAKING", "event": "confidence", "value": 0.95, "smoothed": 0.95}
{"t": 140.204, "state": "WAKING", "event": "confidence", "value": 0.95, "smoothed": 0.95}
{"t": 140.704, "state": "WAKING", "event": "confidence", "value": 0.95, "smoothed": 0.95}
{"t": 141.204, "state": "WAKING", "event": "confidence", "value": 0.95, "smoothed": 0.95}
{"t": 141.705, "state": "WAKING", "event": "confidence", "value": 0.95, "smoothed": 0.95}
{"t": 142.205, "state": "WAKING", "event": "confidence", "value": 0.95, "smoothed": 0.95}
{"t": 142.706, "state": "WAKING", "event": "confidence", "value": 0.95, "smoothed": 0.95}
{"t": 143.206, "state": "WAKING", "event": "confidence", "value": 0.95, "smoothed": 0.95}
{"t": 143.706, "state": "WAKING", "event": "confidence", "value": 0.95, "smoothed": 0.95}
{"t": 144.206, "state": "WAKING", "event": "confidence", "value": 0.95, "smoothed": 0.95}
{"t": 144.706, "state": "WAKING", "event": "confidence", "value": 0.95, "smoothed": 0.95}
{"t": 145.208, "state": "WAKING", "event": "confidence", "value": 0.95, "smoothed": 0.95}
{"t": 145.708, "state": "WAKING", "event": "confidence", "value": 0.95, "smoothed": 0.95}
{"t": 146.208, "state": "WAKING", "event": "confidence", "value": 0.95, "smoothed": 0.95}
{"t": 146.708, "state": "WAKING", "event": "confidence", "value": 0.95, "smoothed": 0.95}
{"t": 147.208, "state": "WAKING", "event": "confidence", "value": 0.95, "smoothed": 0.95}
{"t": 147.709, "state": "WAKING", "event": "confidence", "value": 0.95, "smoothed": 0.95}
{"t": 148.209, "state": "WAKING", "event": "confidence", "value": 0.95, "smoothed": 0.95}
{"t": 148.709, "state": "WAKING", "event": "confidence", "value": 0.95, "smoothed": 0.95}
{"t": 149.209, "state": "WAKING", "event": "confidence", "value": 0.95, "smoothed": 0.95}
{"t": 149.71, "state": "WAKING", "event": "confidence", "value": 0.95, "smoothed": 0.95}
{"t": 150.21, "state": "WAKING", "event": "confidence", "value": 0.95, "smoothed": 0.95}
{"t": 150.71, "state": "WAKING", "event": "confidence", "value": 0.95, "smoothed": 0.95}
{"t": 151.211, "state": "WAKING", "event": "confidence", "value": 0.95, "smoothed": 0.95}
{"t": 151.711, "state": "WAKING", "event": "confidence", "value": 0.95, "smoothed": 0.95}
{"t": 152.211, "state": "WAKING", "event": "confidence", "value": 0.95, "smoothed": 0.95}
{"t": 152.714, "state": "WAKING", "event": "confidence", "value": 0.95, "smoothed": 0.95}
{"t": 153.212, "state": "WAKING", "event": "confidence", "value": 0.95, "smoothed": 0.95}
{"t": 153.712, "state": "WAKING", "event": "confidence", "value": 0.95, "smoothed": 0.95}
{"t": 154.212, "state": "WAKING", "event": "confidence", "value": 0.95, "smoothed": 0.95}
{"t": 154.712, "state": "WAKING", "event": "confidence", "value": 0.95, "smoothed": 0.95}
{"t": 155.213, "state": "WAKING", "event": "confidence", "value": 0.95, "smoothed": 0.95}
{"t": 155.713, "state": "WAKING", "event": "confidence", "value": 0.95, "smoothed": 0.95}
{"t": 156.213, "state": "WAKING", "event": "confidence", "value": 0.95, "smoothed": 0.95}
{"t": 156.713, "state": "WAKING", "event": "confidence", "value": 0.95, "smoothed": 0.95}
{"t": 157.215, "state": "WAKING", "event": "confidence", "value": 0.95, "smoothed": 0.95}
{"t": 157.585, "state": "AWAKE", "event": "awake", "wake_seconds": 150.95, "loader": {"compose_up_seconds": 3.18, "first_output_seconds": 150.94}}
{"t": 157.715, "state": "AWAKE", "event": "confidence", "value": 0.95, "smoothed": 0.95}
{"t": 158.215, "state": "AWAKE", "event": "confidence", "value": 0.95, "smoothed": 0.95}
[burst_2] done: latency=150.95s
cooldown up to 30.0s (baseline tj=52.562)...
[continuous_2] docker compose down + drop page cache
[continuous_2] tegrastats -> mmap_sandbox/results/burst_vs_continuous_run1/continuous_2/tegrastats.log
[continuous_2] launch watcher: /home/student/Documents/projects/wildfire_detection/.venv/bin/python3 /home/student/Documents/projects/wildfire_detection/mmap_sandbox/continuous_watcher.py --sock mmap_sandbox/results/burst_vs_continuous_run1/continuous_2/watcher.sock --log mmap_sandbox/results/burst_vs_continuous_run1/continuous_2/watch.jsonl --pace-mbps 703.0 --compose-file /home/student/Documents/projects/wildfire_detection/docker-compose_fused_system.yaml --ready-file /home/student/Documents/projects/wildfire_detection/data/out_txt --ready-timeout 300.0 --wake-at 0.85 --sleep-at 0.4 --ema-alpha 0.4
{"t": 0.0, "state": "SLEEPING", "event": "listening", "sock": "mmap_sandbox/results/burst_vs_continuous_run1/continuous_2/watcher.sock", "wake_mode": "continuous", "pace_mbps": 703.0}
[continuous_2] launch mht_sim: /home/student/Documents/projects/wildfire_detection/.venv/bin/python3 /home/student/Documents/projects/wildfire_detection/fire_watcher/mht_sim.py mmap_sandbox/results/burst_vs_continuous_run1/continuous_2/watcher.sock 0.20:5,0.95:600 --interval 0.5 --noise 0.0 --seed 42
[continuous_2] waiting for 'awake' (timeout 360s) ...
{"t": 0.122, "state": "SLEEPING", "event": "confidence", "value": 0.2, "smoothed": 0.2}
{"t": 0.623, "state": "SLEEPING", "event": "confidence", "value": 0.2, "smoothed": 0.2}
{"t": 1.124, "state": "SLEEPING", "event": "confidence", "value": 0.2, "smoothed": 0.2}
{"t": 1.625, "state": "SLEEPING", "event": "confidence", "value": 0.2, "smoothed": 0.2}
{"t": 2.125, "state": "SLEEPING", "event": "confidence", "value": 0.2, "smoothed": 0.2}
{"t": 2.625, "state": "SLEEPING", "event": "confidence", "value": 0.2, "smoothed": 0.2}
{"t": 3.126, "state": "SLEEPING", "event": "confidence", "value": 0.2, "smoothed": 0.2}
{"t": 3.626, "state": "SLEEPING", "event": "confidence", "value": 0.2, "smoothed": 0.2}
{"t": 4.127, "state": "SLEEPING", "event": "confidence", "value": 0.2, "smoothed": 0.2}
{"t": 4.627, "state": "SLEEPING", "event": "confidence", "value": 0.2, "smoothed": 0.2}
{"t": 5.127, "state": "SLEEPING", "event": "confidence", "value": 0.95, "smoothed": 0.5}
{"t": 5.628, "state": "SLEEPING", "event": "confidence", "value": 0.95, "smoothed": 0.68}
{"t": 6.129, "state": "SLEEPING", "event": "confidence", "value": 0.95, "smoothed": 0.788}
{"t": 6.629, "state": "SLEEPING", "event": "confidence", "value": 0.95, "smoothed": 0.853}
{"t": 6.631, "state": "WAKING", "event": "wake_start", "confidence": 0.8528, "from_state": "SLEEPING", "mode": "continuous"}
{"t": 7.148, "state": "WAKING", "event": "confidence", "value": 0.95, "smoothed": 0.892}
{"t": 7.645, "state": "WAKING", "event": "confidence", "value": 0.95, "smoothed": 0.915}
{"t": 8.166, "state": "WAKING", "event": "confidence", "value": 0.95, "smoothed": 0.929}
{"t": 8.654, "state": "WAKING", "event": "confidence", "value": 0.95, "smoothed": 0.937}
{"t": 9.136, "state": "WAKING", "event": "confidence", "value": 0.95, "smoothed": 0.942}
{"t": 9.657, "state": "WAKING", "event": "confidence", "value": 0.95, "smoothed": 0.945}
{"t": 10.152, "state": "WAKING", "event": "confidence", "value": 0.95, "smoothed": 0.947}
{"t": 10.668, "state": "WAKING", "event": "confidence", "value": 0.95, "smoothed": 0.948}
{"t": 11.145, "state": "WAKING", "event": "confidence", "value": 0.95, "smoothed": 0.949}
{"t": 11.667, "state": "WAKING", "event": "confidence", "value": 0.95, "smoothed": 0.949}
{"t": 12.146, "state": "WAKING", "event": "confidence", "value": 0.95, "smoothed": 0.95}
{"t": 12.532, "state": "WAKING", "event": "continuous_preload_done", "mb": 2814, "seconds": 5.9, "pace_mbps": 703}
{"t": 12.632, "state": "WAKING", "event": "confidence", "value": 0.95, "smoothed": 0.95}
{"t": 13.132, "state": "WAKING", "event": "confidence", "value": 0.95, "smoothed": 0.95}
{"t": 13.632, "state": "WAKING", "event": "confidence", "value": 0.95, "smoothed": 0.95}
{"t": 14.132, "state": "WAKING", "event": "confidence", "value": 0.95, "smoothed": 0.95}
{"t": 14.633, "state": "WAKING", "event": "confidence", "value": 0.95, "smoothed": 0.95}
{"t": 15.133, "state": "WAKING", "event": "confidence", "value": 0.95, "smoothed": 0.95}
{"t": 15.633, "state": "WAKING", "event": "confidence", "value": 0.95, "smoothed": 0.95}
{"t": 16.133, "state": "WAKING", "event": "confidence", "value": 0.95, "smoothed": 0.95}
{"t": 16.633, "state": "WAKING", "event": "confidence", "value": 0.95, "smoothed": 0.95}
{"t": 17.134, "state": "WAKING", "event": "confidence", "value": 0.95, "smoothed": 0.95}
{"t": 17.634, "state": "WAKING", "event": "confidence", "value": 0.95, "smoothed": 0.95}
{"t": 18.137, "state": "WAKING", "event": "confidence", "value": 0.95, "smoothed": 0.95}
{"t": 18.637, "state": "WAKING", "event": "confidence", "value": 0.95, "smoothed": 0.95}
{"t": 19.138, "state": "WAKING", "event": "confidence", "value": 0.95, "smoothed": 0.95}
{"t": 19.638, "state": "WAKING", "event": "confidence", "value": 0.95, "smoothed": 0.95}
{"t": 20.138, "state": "WAKING", "event": "confidence", "value": 0.95, "smoothed": 0.95}
{"t": 20.638, "state": "WAKING", "event": "confidence", "value": 0.95, "smoothed": 0.95}
{"t": 21.138, "state": "WAKING", "event": "confidence", "value": 0.95, "smoothed": 0.95}
{"t": 21.639, "state": "WAKING", "event": "confidence", "value": 0.95, "smoothed": 0.95}
{"t": 22.139, "state": "WAKING", "event": "confidence", "value": 0.95, "smoothed": 0.95}
{"t": 22.639, "state": "WAKING", "event": "confidence", "value": 0.95, "smoothed": 0.95}
{"t": 23.139, "state": "WAKING", "event": "confidence", "value": 0.95, "smoothed": 0.95}
{"t": 23.639, "state": "WAKING", "event": "confidence", "value": 0.95, "smoothed": 0.95}
{"t": 24.14, "state": "WAKING", "event": "confidence", "value": 0.95, "smoothed": 0.95}
{"t": 24.64, "state": "WAKING", "event": "confidence", "value": 0.95, "smoothed": 0.95}
{"t": 25.14, "state": "WAKING", "event": "confidence", "value": 0.95, "smoothed": 0.95}
{"t": 25.64, "state": "WAKING", "event": "confidence", "value": 0.95, "smoothed": 0.95}
{"t": 26.14, "state": "WAKING", "event": "confidence", "value": 0.95, "smoothed": 0.95}
{"t": 26.641, "state": "WAKING", "event": "confidence", "value": 0.95, "smoothed": 0.95}
{"t": 27.141, "state": "WAKING", "event": "confidence", "value": 0.95, "smoothed": 0.95}
{"t": 27.641, "state": "WAKING", "event": "confidence", "value": 0.95, "smoothed": 0.95}
{"t": 28.142, "state": "WAKING", "event": "confidence", "value": 0.95, "smoothed": 0.95}
{"t": 28.642, "state": "WAKING", "event": "confidence", "value": 0.95, "smoothed": 0.95}
{"t": 29.142, "state": "WAKING", "event": "confidence", "value": 0.95, "smoothed": 0.95}
{"t": 29.642, "state": "WAKING", "event": "confidence", "value": 0.95, "smoothed": 0.95}
{"t": 30.143, "state": "WAKING", "event": "confidence", "value": 0.95, "smoothed": 0.95}
{"t": 30.643, "state": "WAKING", "event": "confidence", "value": 0.95, "smoothed": 0.95}
{"t": 31.143, "state": "WAKING", "event": "confidence", "value": 0.95, "smoothed": 0.95}
{"t": 31.643, "state": "WAKING", "event": "confidence", "value": 0.95, "smoothed": 0.95}
{"t": 32.143, "state": "WAKING", "event": "confidence", "value": 0.95, "smoothed": 0.95}
{"t": 32.644, "state": "WAKING", "event": "confidence", "value": 0.95, "smoothed": 0.95}
{"t": 33.144, "state": "WAKING", "event": "confidence", "value": 0.95, "smoothed": 0.95}
{"t": 33.644, "state": "WAKING", "event": "confidence", "value": 0.95, "smoothed": 0.95}
{"t": 34.144, "state": "WAKING", "event": "confidence", "value": 0.95, "smoothed": 0.95}
{"t": 34.645, "state": "WAKING", "event": "confidence", "value": 0.95, "smoothed": 0.95}
{"t": 35.145, "state": "WAKING", "event": "confidence", "value": 0.95, "smoothed": 0.95}
{"t": 35.645, "state": "WAKING", "event": "confidence", "value": 0.95, "smoothed": 0.95}
{"t": 36.145, "state": "WAKING", "event": "confidence", "value": 0.95, "smoothed": 0.95}
{"t": 36.646, "state": "WAKING", "event": "confidence", "value": 0.95, "smoothed": 0.95}
{"t": 37.146, "state": "WAKING", "event": "confidence", "value": 0.95, "smoothed": 0.95}
{"t": 37.646, "state": "WAKING", "event": "confidence", "value": 0.95, "smoothed": 0.95}
{"t": 38.146, "state": "WAKING", "event": "confidence", "value": 0.95, "smoothed": 0.95}
{"t": 38.647, "state": "WAKING", "event": "confidence", "value": 0.95, "smoothed": 0.95}
{"t": 39.147, "state": "WAKING", "event": "confidence", "value": 0.95, "smoothed": 0.95}
{"t": 39.647, "state": "WAKING", "event": "confidence", "value": 0.95, "smoothed": 0.95}
{"t": 40.147, "state": "WAKING", "event": "confidence", "value": 0.95, "smoothed": 0.95}
{"t": 40.647, "state": "WAKING", "event": "confidence", "value": 0.95, "smoothed": 0.95}
{"t": 41.148, "state": "WAKING", "event": "confidence", "value": 0.95, "smoothed": 0.95}
{"t": 41.648, "state": "WAKING", "event": "confidence", "value": 0.95, "smoothed": 0.95}
{"t": 42.148, "state": "WAKING", "event": "confidence", "value": 0.95, "smoothed": 0.95}
{"t": 42.648, "state": "WAKING", "event": "confidence", "value": 0.95, "smoothed": 0.95}
{"t": 43.148, "state": "WAKING", "event": "confidence", "value": 0.95, "smoothed": 0.95}
{"t": 43.649, "state": "WAKING", "event": "confidence", "value": 0.95, "smoothed": 0.95}
{"t": 44.149, "state": "WAKING", "event": "confidence", "value": 0.95, "smoothed": 0.95}
{"t": 44.649, "state": "WAKING", "event": "confidence", "value": 0.95, "smoothed": 0.95}
{"t": 45.149, "state": "WAKING", "event": "confidence", "value": 0.95, "smoothed": 0.95}
{"t": 45.65, "state": "WAKING", "event": "confidence", "value": 0.95, "smoothed": 0.95}
{"t": 46.15, "state": "WAKING", "event": "confidence", "value": 0.95, "smoothed": 0.95}
{"t": 46.65, "state": "WAKING", "event": "confidence", "value": 0.95, "smoothed": 0.95}
{"t": 47.15, "state": "WAKING", "event": "confidence", "value": 0.95, "smoothed": 0.95}
{"t": 47.651, "state": "WAKING", "event": "confidence", "value": 0.95, "smoothed": 0.95}
{"t": 48.151, "state": "WAKING", "event": "confidence", "value": 0.95, "smoothed": 0.95}
{"t": 48.651, "state": "WAKING", "event": "confidence", "value": 0.95, "smoothed": 0.95}
{"t": 49.151, "state": "WAKING", "event": "confidence", "value": 0.95, "smoothed": 0.95}
{"t": 49.651, "state": "WAKING", "event": "confidence", "value": 0.95, "smoothed": 0.95}
{"t": 50.151, "state": "WAKING", "event": "confidence", "value": 0.95, "smoothed": 0.95}
{"t": 50.652, "state": "WAKING", "event": "confidence", "value": 0.95, "smoothed": 0.95}
{"t": 51.152, "state": "WAKING", "event": "confidence", "value": 0.95, "smoothed": 0.95}
{"t": 51.652, "state": "WAKING", "event": "confidence", "value": 0.95, "smoothed": 0.95}
{"t": 52.152, "state": "WAKING", "event": "confidence", "value": 0.95, "smoothed": 0.95}
{"t": 52.652, "state": "WAKING", "event": "confidence", "value": 0.95, "smoothed": 0.95}
{"t": 53.153, "state": "WAKING", "event": "confidence", "value": 0.95, "smoothed": 0.95}
{"t": 53.653, "state": "WAKING", "event": "confidence", "value": 0.95, "smoothed": 0.95}
{"t": 54.153, "state": "WAKING", "event": "confidence", "value": 0.95, "smoothed": 0.95}
{"t": 54.653, "state": "WAKING", "event": "confidence", "value": 0.95, "smoothed": 0.95}
{"t": 55.153, "state": "WAKING", "event": "confidence", "value": 0.95, "smoothed": 0.95}
{"t": 55.654, "state": "WAKING", "event": "confidence", "value": 0.95, "smoothed": 0.95}
{"t": 56.154, "state": "WAKING", "event": "confidence", "value": 0.95, "smoothed": 0.95}
{"t": 56.654, "state": "WAKING", "event": "confidence", "value": 0.95, "smoothed": 0.95}
{"t": 57.154, "state": "WAKING", "event": "confidence", "value": 0.95, "smoothed": 0.95}
{"t": 57.655, "state": "WAKING", "event": "confidence", "value": 0.95, "smoothed": 0.95}
{"t": 58.155, "state": "WAKING", "event": "confidence", "value": 0.95, "smoothed": 0.95}
{"t": 58.655, "state": "WAKING", "event": "confidence", "value": 0.95, "smoothed": 0.95}
{"t": 59.155, "state": "WAKING", "event": "confidence", "value": 0.95, "smoothed": 0.95}
{"t": 59.655, "state": "WAKING", "event": "confidence", "value": 0.95, "smoothed": 0.95}
{"t": 60.156, "state": "WAKING", "event": "confidence", "value": 0.95, "smoothed": 0.95}
{"t": 60.656, "state": "WAKING", "event": "confidence", "value": 0.95, "smoothed": 0.95}
{"t": 61.156, "state": "WAKING", "event": "confidence", "value": 0.95, "smoothed": 0.95}
{"t": 61.656, "state": "WAKING", "event": "confidence", "value": 0.95, "smoothed": 0.95}
{"t": 62.156, "state": "WAKING", "event": "confidence", "value": 0.95, "smoothed": 0.95}
{"t": 62.657, "state": "WAKING", "event": "confidence", "value": 0.95, "smoothed": 0.95}
{"t": 63.157, "state": "WAKING", "event": "confidence", "value": 0.95, "smoothed": 0.95}
{"t": 63.657, "state": "WAKING", "event": "confidence", "value": 0.95, "smoothed": 0.95}
{"t": 64.157, "state": "WAKING", "event": "confidence", "value": 0.95, "smoothed": 0.95}
{"t": 64.657, "state": "WAKING", "event": "confidence", "value": 0.95, "smoothed": 0.95}
{"t": 65.158, "state": "WAKING", "event": "confidence", "value": 0.95, "smoothed": 0.95}
{"t": 65.658, "state": "WAKING", "event": "confidence", "value": 0.95, "smoothed": 0.95}
{"t": 66.158, "state": "WAKING", "event": "confidence", "value": 0.95, "smoothed": 0.95}
{"t": 66.659, "state": "WAKING", "event": "confidence", "value": 0.95, "smoothed": 0.95}
{"t": 67.159, "state": "WAKING", "event": "confidence", "value": 0.95, "smoothed": 0.95}
{"t": 67.659, "state": "WAKING", "event": "confidence", "value": 0.95, "smoothed": 0.95}
{"t": 68.161, "state": "WAKING", "event": "confidence", "value": 0.95, "smoothed": 0.95}
{"t": 68.661, "state": "WAKING", "event": "confidence", "value": 0.95, "smoothed": 0.95}
{"t": 69.161, "state": "WAKING", "event": "confidence", "value": 0.95, "smoothed": 0.95}
{"t": 69.662, "state": "WAKING", "event": "confidence", "value": 0.95, "smoothed": 0.95}
{"t": 70.162, "state": "WAKING", "event": "confidence", "value": 0.95, "smoothed": 0.95}
{"t": 70.663, "state": "WAKING", "event": "confidence", "value": 0.95, "smoothed": 0.95}
{"t": 71.163, "state": "WAKING", "event": "confidence", "value": 0.95, "smoothed": 0.95}
{"t": 71.664, "state": "WAKING", "event": "confidence", "value": 0.95, "smoothed": 0.95}
{"t": 72.164, "state": "WAKING", "event": "confidence", "value": 0.95, "smoothed": 0.95}
{"t": 72.664, "state": "WAKING", "event": "confidence", "value": 0.95, "smoothed": 0.95}
{"t": 73.164, "state": "WAKING", "event": "confidence", "value": 0.95, "smoothed": 0.95}
{"t": 73.665, "state": "WAKING", "event": "confidence", "value": 0.95, "smoothed": 0.95}
{"t": 74.165, "state": "WAKING", "event": "confidence", "value": 0.95, "smoothed": 0.95}
{"t": 74.665, "state": "WAKING", "event": "confidence", "value": 0.95, "smoothed": 0.95}
{"t": 75.166, "state": "WAKING", "event": "confidence", "value": 0.95, "smoothed": 0.95}
{"t": 75.666, "state": "WAKING", "event": "confidence", "value": 0.95, "smoothed": 0.95}
{"t": 76.166, "state": "WAKING", "event": "confidence", "value": 0.95, "smoothed": 0.95}
{"t": 76.666, "state": "WAKING", "event": "confidence", "value": 0.95, "smoothed": 0.95}
{"t": 77.166, "state": "WAKING", "event": "confidence", "value": 0.95, "smoothed": 0.95}
{"t": 77.667, "state": "WAKING", "event": "confidence", "value": 0.95, "smoothed": 0.95}
{"t": 78.167, "state": "WAKING", "event": "confidence", "value": 0.95, "smoothed": 0.95}
{"t": 78.668, "state": "WAKING", "event": "confidence", "value": 0.95, "smoothed": 0.95}
{"t": 79.168, "state": "WAKING", "event": "confidence", "value": 0.95, "smoothed": 0.95}
{"t": 79.669, "state": "WAKING", "event": "confidence", "value": 0.95, "smoothed": 0.95}
{"t": 80.169, "state": "WAKING", "event": "confidence", "value": 0.95, "smoothed": 0.95}
{"t": 80.669, "state": "WAKING", "event": "confidence", "value": 0.95, "smoothed": 0.95}
{"t": 81.17, "state": "WAKING", "event": "confidence", "value": 0.95, "smoothed": 0.95}
{"t": 81.67, "state": "WAKING", "event": "confidence", "value": 0.95, "smoothed": 0.95}
{"t": 82.171, "state": "WAKING", "event": "confidence", "value": 0.95, "smoothed": 0.95}
{"t": 82.671, "state": "WAKING", "event": "confidence", "value": 0.95, "smoothed": 0.95}
{"t": 83.171, "state": "WAKING", "event": "confidence", "value": 0.95, "smoothed": 0.95}
{"t": 83.671, "state": "WAKING", "event": "confidence", "value": 0.95, "smoothed": 0.95}
{"t": 84.172, "state": "WAKING", "event": "confidence", "value": 0.95, "smoothed": 0.95}
{"t": 84.672, "state": "WAKING", "event": "confidence", "value": 0.95, "smoothed": 0.95}
{"t": 85.172, "state": "WAKING", "event": "confidence", "value": 0.95, "smoothed": 0.95}
{"t": 85.672, "state": "WAKING", "event": "confidence", "value": 0.95, "smoothed": 0.95}
{"t": 86.173, "state": "WAKING", "event": "confidence", "value": 0.95, "smoothed": 0.95}
{"t": 86.673, "state": "WAKING", "event": "confidence", "value": 0.95, "smoothed": 0.95}
{"t": 87.173, "state": "WAKING", "event": "confidence", "value": 0.95, "smoothed": 0.95}
{"t": 87.674, "state": "WAKING", "event": "confidence", "value": 0.95, "smoothed": 0.95}
{"t": 88.175, "state": "WAKING", "event": "confidence", "value": 0.95, "smoothed": 0.95}
{"t": 88.675, "state": "WAKING", "event": "confidence", "value": 0.95, "smoothed": 0.95}
{"t": 89.175, "state": "WAKING", "event": "confidence", "value": 0.95, "smoothed": 0.95}
{"t": 89.675, "state": "WAKING", "event": "confidence", "value": 0.95, "smoothed": 0.95}
{"t": 90.176, "state": "WAKING", "event": "confidence", "value": 0.95, "smoothed": 0.95}
{"t": 90.677, "state": "WAKING", "event": "confidence", "value": 0.95, "smoothed": 0.95}
{"t": 91.178, "state": "WAKING", "event": "confidence", "value": 0.95, "smoothed": 0.95}
{"t": 91.677, "state": "WAKING", "event": "confidence", "value": 0.95, "smoothed": 0.95}
{"t": 92.178, "state": "WAKING", "event": "confidence", "value": 0.95, "smoothed": 0.95}
{"t": 92.678, "state": "WAKING", "event": "confidence", "value": 0.95, "smoothed": 0.95}
{"t": 93.179, "state": "WAKING", "event": "confidence", "value": 0.95, "smoothed": 0.95}
{"t": 93.679, "state": "WAKING", "event": "confidence", "value": 0.95, "smoothed": 0.95}
{"t": 94.179, "state": "WAKING", "event": "confidence", "value": 0.95, "smoothed": 0.95}
{"t": 94.679, "state": "WAKING", "event": "confidence", "value": 0.95, "smoothed": 0.95}
{"t": 95.18, "state": "WAKING", "event": "confidence", "value": 0.95, "smoothed": 0.95}
{"t": 95.681, "state": "WAKING", "event": "confidence", "value": 0.95, "smoothed": 0.95}
{"t": 96.181, "state": "WAKING", "event": "confidence", "value": 0.95, "smoothed": 0.95}
{"t": 96.681, "state": "WAKING", "event": "confidence", "value": 0.95, "smoothed": 0.95}
{"t": 97.181, "state": "WAKING", "event": "confidence", "value": 0.95, "smoothed": 0.95}
{"t": 97.681, "state": "WAKING", "event": "confidence", "value": 0.95, "smoothed": 0.95}
{"t": 98.181, "state": "WAKING", "event": "confidence", "value": 0.95, "smoothed": 0.95}
{"t": 98.682, "state": "WAKING", "event": "confidence", "value": 0.95, "smoothed": 0.95}
{"t": 99.182, "state": "WAKING", "event": "confidence", "value": 0.95, "smoothed": 0.95}
{"t": 99.682, "state": "WAKING", "event": "confidence", "value": 0.95, "smoothed": 0.95}
{"t": 100.183, "state": "WAKING", "event": "confidence", "value": 0.95, "smoothed": 0.95}
{"t": 100.683, "state": "WAKING", "event": "confidence", "value": 0.95, "smoothed": 0.95}
{"t": 101.184, "state": "WAKING", "event": "confidence", "value": 0.95, "smoothed": 0.95}
{"t": 101.684, "state": "WAKING", "event": "confidence", "value": 0.95, "smoothed": 0.95}
{"t": 102.185, "state": "WAKING", "event": "confidence", "value": 0.95, "smoothed": 0.95}
{"t": 102.685, "state": "WAKING", "event": "confidence", "value": 0.95, "smoothed": 0.95}
{"t": 103.186, "state": "WAKING", "event": "confidence", "value": 0.95, "smoothed": 0.95}
{"t": 103.686, "state": "WAKING", "event": "confidence", "value": 0.95, "smoothed": 0.95}
{"t": 104.186, "state": "WAKING", "event": "confidence", "value": 0.95, "smoothed": 0.95}
{"t": 104.686, "state": "WAKING", "event": "confidence", "value": 0.95, "smoothed": 0.95}
{"t": 105.186, "state": "WAKING", "event": "confidence", "value": 0.95, "smoothed": 0.95}
{"t": 105.686, "state": "WAKING", "event": "confidence", "value": 0.95, "smoothed": 0.95}
{"t": 106.187, "state": "WAKING", "event": "confidence", "value": 0.95, "smoothed": 0.95}
{"t": 106.687, "state": "WAKING", "event": "confidence", "value": 0.95, "smoothed": 0.95}
{"t": 107.187, "state": "WAKING", "event": "confidence", "value": 0.95, "smoothed": 0.95}
{"t": 107.687, "state": "WAKING", "event": "confidence", "value": 0.95, "smoothed": 0.95}
{"t": 108.188, "state": "WAKING", "event": "confidence", "value": 0.95, "smoothed": 0.95}
{"t": 108.688, "state": "WAKING", "event": "confidence", "value": 0.95, "smoothed": 0.95}
{"t": 109.188, "state": "WAKING", "event": "confidence", "value": 0.95, "smoothed": 0.95}
{"t": 109.688, "state": "WAKING", "event": "confidence", "value": 0.95, "smoothed": 0.95}
{"t": 110.189, "state": "WAKING", "event": "confidence", "value": 0.95, "smoothed": 0.95}
{"t": 110.689, "state": "WAKING", "event": "confidence", "value": 0.95, "smoothed": 0.95}
{"t": 111.189, "state": "WAKING", "event": "confidence", "value": 0.95, "smoothed": 0.95}
{"t": 111.69, "state": "WAKING", "event": "confidence", "value": 0.95, "smoothed": 0.95}
{"t": 112.19, "state": "WAKING", "event": "confidence", "value": 0.95, "smoothed": 0.95}
{"t": 112.69, "state": "WAKING", "event": "confidence", "value": 0.95, "smoothed": 0.95}
{"t": 113.19, "state": "WAKING", "event": "confidence", "value": 0.95, "smoothed": 0.95}
{"t": 113.69, "state": "WAKING", "event": "confidence", "value": 0.95, "smoothed": 0.95}
{"t": 114.191, "state": "WAKING", "event": "confidence", "value": 0.95, "smoothed": 0.95}
{"t": 114.691, "state": "WAKING", "event": "confidence", "value": 0.95, "smoothed": 0.95}
{"t": 115.191, "state": "WAKING", "event": "confidence", "value": 0.95, "smoothed": 0.95}
{"t": 115.691, "state": "WAKING", "event": "confidence", "value": 0.95, "smoothed": 0.95}
{"t": 116.191, "state": "WAKING", "event": "confidence", "value": 0.95, "smoothed": 0.95}
{"t": 116.692, "state": "WAKING", "event": "confidence", "value": 0.95, "smoothed": 0.95}
{"t": 117.192, "state": "WAKING", "event": "confidence", "value": 0.95, "smoothed": 0.95}
{"t": 117.692, "state": "WAKING", "event": "confidence", "value": 0.95, "smoothed": 0.95}
{"t": 118.192, "state": "WAKING", "event": "confidence", "value": 0.95, "smoothed": 0.95}
{"t": 118.692, "state": "WAKING", "event": "confidence", "value": 0.95, "smoothed": 0.95}
{"t": 119.193, "state": "WAKING", "event": "confidence", "value": 0.95, "smoothed": 0.95}
{"t": 119.693, "state": "WAKING", "event": "confidence", "value": 0.95, "smoothed": 0.95}
{"t": 120.193, "state": "WAKING", "event": "confidence", "value": 0.95, "smoothed": 0.95}
{"t": 120.693, "state": "WAKING", "event": "confidence", "value": 0.95, "smoothed": 0.95}
{"t": 121.193, "state": "WAKING", "event": "confidence", "value": 0.95, "smoothed": 0.95}
{"t": 121.693, "state": "WAKING", "event": "confidence", "value": 0.95, "smoothed": 0.95}
{"t": 122.194, "state": "WAKING", "event": "confidence", "value": 0.95, "smoothed": 0.95}
{"t": 122.694, "state": "WAKING", "event": "confidence", "value": 0.95, "smoothed": 0.95}
{"t": 123.194, "state": "WAKING", "event": "confidence", "value": 0.95, "smoothed": 0.95}
{"t": 123.694, "state": "WAKING", "event": "confidence", "value": 0.95, "smoothed": 0.95}
{"t": 124.194, "state": "WAKING", "event": "confidence", "value": 0.95, "smoothed": 0.95}
{"t": 124.695, "state": "WAKING", "event": "confidence", "value": 0.95, "smoothed": 0.95}
{"t": 125.195, "state": "WAKING", "event": "confidence", "value": 0.95, "smoothed": 0.95}
{"t": 125.695, "state": "WAKING", "event": "confidence", "value": 0.95, "smoothed": 0.95}
{"t": 126.195, "state": "WAKING", "event": "confidence", "value": 0.95, "smoothed": 0.95}
{"t": 126.695, "state": "WAKING", "event": "confidence", "value": 0.95, "smoothed": 0.95}
{"t": 127.196, "state": "WAKING", "event": "confidence", "value": 0.95, "smoothed": 0.95}
{"t": 127.696, "state": "WAKING", "event": "confidence", "value": 0.95, "smoothed": 0.95}
{"t": 128.2, "state": "WAKING", "event": "confidence", "value": 0.95, "smoothed": 0.95}
{"t": 128.7, "state": "WAKING", "event": "confidence", "value": 0.95, "smoothed": 0.95}
{"t": 129.2, "state": "WAKING", "event": "confidence", "value": 0.95, "smoothed": 0.95}
{"t": 129.7, "state": "WAKING", "event": "confidence", "value": 0.95, "smoothed": 0.95}
{"t": 130.201, "state": "WAKING", "event": "confidence", "value": 0.95, "smoothed": 0.95}
{"t": 130.701, "state": "WAKING", "event": "confidence", "value": 0.95, "smoothed": 0.95}
{"t": 131.201, "state": "WAKING", "event": "confidence", "value": 0.95, "smoothed": 0.95}
{"t": 131.701, "state": "WAKING", "event": "confidence", "value": 0.95, "smoothed": 0.95}
{"t": 132.201, "state": "WAKING", "event": "confidence", "value": 0.95, "smoothed": 0.95}
{"t": 132.702, "state": "WAKING", "event": "confidence", "value": 0.95, "smoothed": 0.95}
{"t": 133.202, "state": "WAKING", "event": "confidence", "value": 0.95, "smoothed": 0.95}
{"t": 133.702, "state": "WAKING", "event": "confidence", "value": 0.95, "smoothed": 0.95}
{"t": 134.202, "state": "WAKING", "event": "confidence", "value": 0.95, "smoothed": 0.95}
{"t": 134.703, "state": "WAKING", "event": "confidence", "value": 0.95, "smoothed": 0.95}
{"t": 135.203, "state": "WAKING", "event": "confidence", "value": 0.95, "smoothed": 0.95}
{"t": 135.703, "state": "WAKING", "event": "confidence", "value": 0.95, "smoothed": 0.95}
{"t": 136.203, "state": "WAKING", "event": "confidence", "value": 0.95, "smoothed": 0.95}
{"t": 136.705, "state": "WAKING", "event": "confidence", "value": 0.95, "smoothed": 0.95}
{"t": 137.205, "state": "WAKING", "event": "confidence", "value": 0.95, "smoothed": 0.95}
{"t": 137.705, "state": "WAKING", "event": "confidence", "value": 0.95, "smoothed": 0.95}
{"t": 138.206, "state": "WAKING", "event": "confidence", "value": 0.95, "smoothed": 0.95}
{"t": 138.706, "state": "WAKING", "event": "confidence", "value": 0.95, "smoothed": 0.95}
{"t": 139.206, "state": "WAKING", "event": "confidence", "value": 0.95, "smoothed": 0.95}
{"t": 139.706, "state": "WAKING", "event": "confidence", "value": 0.95, "smoothed": 0.95}
{"t": 140.206, "state": "WAKING", "event": "confidence", "value": 0.95, "smoothed": 0.95}
{"t": 140.706, "state": "WAKING", "event": "confidence", "value": 0.95, "smoothed": 0.95}
{"t": 141.207, "state": "WAKING", "event": "confidence", "value": 0.95, "smoothed": 0.95}
{"t": 141.707, "state": "WAKING", "event": "confidence", "value": 0.95, "smoothed": 0.95}
{"t": 142.207, "state": "WAKING", "event": "confidence", "value": 0.95, "smoothed": 0.95}
{"t": 142.707, "state": "WAKING", "event": "confidence", "value": 0.95, "smoothed": 0.95}
{"t": 143.207, "state": "WAKING", "event": "confidence", "value": 0.95, "smoothed": 0.95}
{"t": 143.707, "state": "WAKING", "event": "confidence", "value": 0.95, "smoothed": 0.95}
{"t": 144.208, "state": "WAKING", "event": "confidence", "value": 0.95, "smoothed": 0.95}
{"t": 144.708, "state": "WAKING", "event": "confidence", "value": 0.95, "smoothed": 0.95}
{"t": 145.208, "state": "WAKING", "event": "confidence", "value": 0.95, "smoothed": 0.95}
{"t": 145.708, "state": "WAKING", "event": "confidence", "value": 0.95, "smoothed": 0.95}
{"t": 146.209, "state": "WAKING", "event": "confidence", "value": 0.95, "smoothed": 0.95}
{"t": 146.709, "state": "WAKING", "event": "confidence", "value": 0.95, "smoothed": 0.95}
{"t": 147.209, "state": "WAKING", "event": "confidence", "value": 0.95, "smoothed": 0.95}
{"t": 147.709, "state": "WAKING", "event": "confidence", "value": 0.95, "smoothed": 0.95}
{"t": 148.209, "state": "WAKING", "event": "confidence", "value": 0.95, "smoothed": 0.95}
{"t": 148.709, "state": "WAKING", "event": "confidence", "value": 0.95, "smoothed": 0.95}
{"t": 149.21, "state": "WAKING", "event": "confidence", "value": 0.95, "smoothed": 0.95}
{"t": 149.71, "state": "WAKING", "event": "confidence", "value": 0.95, "smoothed": 0.95}
{"t": 150.211, "state": "WAKING", "event": "confidence", "value": 0.95, "smoothed": 0.95}
{"t": 150.711, "state": "WAKING", "event": "confidence", "value": 0.95, "smoothed": 0.95}
{"t": 151.211, "state": "WAKING", "event": "confidence", "value": 0.95, "smoothed": 0.95}
{"t": 151.711, "state": "WAKING", "event": "confidence", "value": 0.95, "smoothed": 0.95}
{"t": 152.211, "state": "WAKING", "event": "confidence", "value": 0.95, "smoothed": 0.95}
{"t": 152.712, "state": "WAKING", "event": "confidence", "value": 0.95, "smoothed": 0.95}
{"t": 153.212, "state": "WAKING", "event": "confidence", "value": 0.95, "smoothed": 0.95}
{"t": 153.712, "state": "WAKING", "event": "confidence", "value": 0.95, "smoothed": 0.95}
{"t": 154.212, "state": "WAKING", "event": "confidence", "value": 0.95, "smoothed": 0.95}
{"t": 154.713, "state": "WAKING", "event": "confidence", "value": 0.95, "smoothed": 0.95}
{"t": 155.213, "state": "WAKING", "event": "confidence", "value": 0.95, "smoothed": 0.95}
{"t": 155.713, "state": "WAKING", "event": "confidence", "value": 0.95, "smoothed": 0.95}
{"t": 156.214, "state": "WAKING", "event": "confidence", "value": 0.95, "smoothed": 0.95}
{"t": 156.714, "state": "WAKING", "event": "confidence", "value": 0.95, "smoothed": 0.95}
{"t": 157.214, "state": "WAKING", "event": "confidence", "value": 0.95, "smoothed": 0.95}
{"t": 157.715, "state": "WAKING", "event": "confidence", "value": 0.95, "smoothed": 0.95}
{"t": 158.215, "state": "WAKING", "event": "confidence", "value": 0.95, "smoothed": 0.95}
{"t": 158.716, "state": "WAKING", "event": "confidence", "value": 0.95, "smoothed": 0.95}
{"t": 159.216, "state": "WAKING", "event": "confidence", "value": 0.95, "smoothed": 0.95}
{"t": 159.717, "state": "WAKING", "event": "confidence", "value": 0.95, "smoothed": 0.95}
{"t": 160.217, "state": "WAKING", "event": "confidence", "value": 0.95, "smoothed": 0.95}
{"t": 160.717, "state": "WAKING", "event": "confidence", "value": 0.95, "smoothed": 0.95}
{"t": 161.217, "state": "WAKING", "event": "confidence", "value": 0.95, "smoothed": 0.95}
{"t": 161.717, "state": "WAKING", "event": "confidence", "value": 0.95, "smoothed": 0.95}
{"t": 162.218, "state": "WAKING", "event": "confidence", "value": 0.95, "smoothed": 0.95}
{"t": 162.718, "state": "WAKING", "event": "confidence", "value": 0.95, "smoothed": 0.95}
{"t": 163.218, "state": "WAKING", "event": "confidence", "value": 0.95, "smoothed": 0.95}
{"t": 163.718, "state": "WAKING", "event": "confidence", "value": 0.95, "smoothed": 0.95}
{"t": 164.223, "state": "WAKING", "event": "confidence", "value": 0.95, "smoothed": 0.95}
{"t": 164.728, "state": "WAKING", "event": "confidence", "value": 0.95, "smoothed": 0.95}
{"t": 165.233, "state": "WAKING", "event": "confidence", "value": 0.95, "smoothed": 0.95}
{"t": 165.733, "state": "WAKING", "event": "confidence", "value": 0.95, "smoothed": 0.95}
{"t": 166.233, "state": "WAKING", "event": "confidence", "value": 0.95, "smoothed": 0.95}
{"t": 166.733, "state": "WAKING", "event": "confidence", "value": 0.95, "smoothed": 0.95}
{"t": 167.233, "state": "WAKING", "event": "confidence", "value": 0.95, "smoothed": 0.95}
{"t": 167.734, "state": "WAKING", "event": "confidence", "value": 0.95, "smoothed": 0.95}
{"t": 168.234, "state": "WAKING", "event": "confidence", "value": 0.95, "smoothed": 0.95}
{"t": 168.735, "state": "WAKING", "event": "confidence", "value": 0.95, "smoothed": 0.95}
{"t": 169.235, "state": "WAKING", "event": "confidence", "value": 0.95, "smoothed": 0.95}
{"t": 169.736, "state": "WAKING", "event": "confidence", "value": 0.95, "smoothed": 0.95}
{"t": 170.236, "state": "WAKING", "event": "confidence", "value": 0.95, "smoothed": 0.95}
{"t": 170.737, "state": "WAKING", "event": "confidence", "value": 0.95, "smoothed": 0.95}
{"t": 171.237, "state": "WAKING", "event": "confidence", "value": 0.95, "smoothed": 0.95}
{"t": 171.738, "state": "WAKING", "event": "confidence", "value": 0.95, "smoothed": 0.95}
{"t": 172.238, "state": "WAKING", "event": "confidence", "value": 0.95, "smoothed": 0.95}
{"t": 172.739, "state": "WAKING", "event": "confidence", "value": 0.95, "smoothed": 0.95}
{"t": 173.239, "state": "WAKING", "event": "confidence", "value": 0.95, "smoothed": 0.95}
{"t": 173.74, "state": "WAKING", "event": "confidence", "value": 0.95, "smoothed": 0.95}
{"t": 174.24, "state": "WAKING", "event": "confidence", "value": 0.95, "smoothed": 0.95}
{"t": 174.741, "state": "WAKING", "event": "confidence", "value": 0.95, "smoothed": 0.95}
{"t": 175.241, "state": "WAKING", "event": "confidence", "value": 0.95, "smoothed": 0.95}
{"t": 175.742, "state": "WAKING", "event": "confidence", "value": 0.95, "smoothed": 0.95}
{"t": 176.242, "state": "WAKING", "event": "confidence", "value": 0.95, "smoothed": 0.95}
{"t": 176.743, "state": "WAKING", "event": "confidence", "value": 0.95, "smoothed": 0.95}
{"t": 177.243, "state": "WAKING", "event": "confidence", "value": 0.95, "smoothed": 0.95}
{"t": 177.744, "state": "WAKING", "event": "confidence", "value": 0.95, "smoothed": 0.95}
{"t": 178.244, "state": "WAKING", "event": "confidence", "value": 0.95, "smoothed": 0.95}
{"t": 178.745, "state": "WAKING", "event": "confidence", "value": 0.95, "smoothed": 0.95}
{"t": 179.245, "state": "WAKING", "event": "confidence", "value": 0.95, "smoothed": 0.95}
{"t": 179.746, "state": "WAKING", "event": "confidence", "value": 0.95, "smoothed": 0.95}
{"t": 180.246, "state": "WAKING", "event": "confidence", "value": 0.95, "smoothed": 0.95}
{"t": 180.747, "state": "WAKING", "event": "confidence", "value": 0.95, "smoothed": 0.95}
{"t": 181.247, "state": "WAKING", "event": "confidence", "value": 0.95, "smoothed": 0.95}
{"t": 181.748, "state": "WAKING", "event": "confidence", "value": 0.95, "smoothed": 0.95}
{"t": 182.248, "state": "WAKING", "event": "confidence", "value": 0.95, "smoothed": 0.95}
{"t": 182.749, "state": "WAKING", "event": "confidence", "value": 0.95, "smoothed": 0.95}
{"t": 183.25, "state": "WAKING", "event": "confidence", "value": 0.95, "smoothed": 0.95}
{"t": 183.75, "state": "WAKING", "event": "confidence", "value": 0.95, "smoothed": 0.95}
{"t": 184.251, "state": "WAKING", "event": "confidence", "value": 0.95, "smoothed": 0.95}
{"t": 184.751, "state": "WAKING", "event": "confidence", "value": 0.95, "smoothed": 0.95}
{"t": 185.252, "state": "WAKING", "event": "confidence", "value": 0.95, "smoothed": 0.95}
{"t": 185.752, "state": "WAKING", "event": "confidence", "value": 0.95, "smoothed": 0.95}
{"t": 186.253, "state": "WAKING", "event": "confidence", "value": 0.95, "smoothed": 0.95}
{"t": 186.753, "state": "WAKING", "event": "confidence", "value": 0.95, "smoothed": 0.95}
{"t": 187.253, "state": "WAKING", "event": "confidence", "value": 0.95, "smoothed": 0.95}
{"t": 187.754, "state": "WAKING", "event": "confidence", "value": 0.95, "smoothed": 0.95}
{"t": 188.254, "state": "WAKING", "event": "confidence", "value": 0.95, "smoothed": 0.95}
{"t": 188.755, "state": "WAKING", "event": "confidence", "value": 0.95, "smoothed": 0.95}
{"t": 189.255, "state": "WAKING", "event": "confidence", "value": 0.95, "smoothed": 0.95}
{"t": 189.756, "state": "WAKING", "event": "confidence", "value": 0.95, "smoothed": 0.95}
{"t": 190.256, "state": "WAKING", "event": "confidence", "value": 0.95, "smoothed": 0.95}
{"t": 190.757, "state": "WAKING", "event": "confidence", "value": 0.95, "smoothed": 0.95}
{"t": 191.257, "state": "WAKING", "event": "confidence", "value": 0.95, "smoothed": 0.95}
{"t": 191.758, "state": "WAKING", "event": "confidence", "value": 0.95, "smoothed": 0.95}
{"t": 192.258, "state": "WAKING", "event": "confidence", "value": 0.95, "smoothed": 0.95}
{"t": 192.759, "state": "WAKING", "event": "confidence", "value": 0.95, "smoothed": 0.95}
{"t": 193.259, "state": "WAKING", "event": "confidence", "value": 0.95, "smoothed": 0.95}
{"t": 193.759, "state": "WAKING", "event": "confidence", "value": 0.95, "smoothed": 0.95}
{"t": 194.26, "state": "WAKING", "event": "confidence", "value": 0.95, "smoothed": 0.95}
{"t": 194.76, "state": "WAKING", "event": "confidence", "value": 0.95, "smoothed": 0.95}
{"t": 195.261, "state": "WAKING", "event": "confidence", "value": 0.95, "smoothed": 0.95}
{"t": 195.761, "state": "WAKING", "event": "confidence", "value": 0.95, "smoothed": 0.95}
{"t": 196.262, "state": "WAKING", "event": "confidence", "value": 0.95, "smoothed": 0.95}
{"t": 196.762, "state": "WAKING", "event": "confidence", "value": 0.95, "smoothed": 0.95}
{"t": 197.263, "state": "WAKING", "event": "confidence", "value": 0.95, "smoothed": 0.95}
{"t": 197.763, "state": "WAKING", "event": "confidence", "value": 0.95, "smoothed": 0.95}
{"t": 198.264, "state": "WAKING", "event": "confidence", "value": 0.95, "smoothed": 0.95}
{"t": 198.764, "state": "WAKING", "event": "confidence", "value": 0.95, "smoothed": 0.95}
{"t": 199.265, "state": "WAKING", "event": "confidence", "value": 0.95, "smoothed": 0.95}
{"t": 199.765, "state": "WAKING", "event": "confidence", "value": 0.95, "smoothed": 0.95}
{"t": 200.266, "state": "WAKING", "event": "confidence", "value": 0.95, "smoothed": 0.95}
{"t": 200.766, "state": "WAKING", "event": "confidence", "value": 0.95, "smoothed": 0.95}
{"t": 201.266, "state": "WAKING", "event": "confidence", "value": 0.95, "smoothed": 0.95}
{"t": 201.767, "state": "WAKING", "event": "confidence", "value": 0.95, "smoothed": 0.95}
{"t": 202.267, "state": "WAKING", "event": "confidence", "value": 0.95, "smoothed": 0.95}
{"t": 202.768, "state": "WAKING", "event": "confidence", "value": 0.95, "smoothed": 0.95}
{"t": 203.268, "state": "WAKING", "event": "confidence", "value": 0.95, "smoothed": 0.95}
{"t": 203.769, "state": "WAKING", "event": "confidence", "value": 0.95, "smoothed": 0.95}
{"t": 204.269, "state": "WAKING", "event": "confidence", "value": 0.95, "smoothed": 0.95}
{"t": 204.77, "state": "WAKING", "event": "confidence", "value": 0.95, "smoothed": 0.95}
{"t": 205.271, "state": "WAKING", "event": "confidence", "value": 0.95, "smoothed": 0.95}
{"t": 205.77, "state": "WAKING", "event": "confidence", "value": 0.95, "smoothed": 0.95}
{"t": 206.271, "state": "WAKING", "event": "confidence", "value": 0.95, "smoothed": 0.95}
{"t": 206.771, "state": "WAKING", "event": "confidence", "value": 0.95, "smoothed": 0.95}
{"t": 207.272, "state": "WAKING", "event": "confidence", "value": 0.95, "smoothed": 0.95}
{"t": 207.772, "state": "WAKING", "event": "confidence", "value": 0.95, "smoothed": 0.95}
{"t": 208.273, "state": "WAKING", "event": "confidence", "value": 0.95, "smoothed": 0.95}
{"t": 208.773, "state": "WAKING", "event": "confidence", "value": 0.95, "smoothed": 0.95}
{"t": 209.274, "state": "WAKING", "event": "confidence", "value": 0.95, "smoothed": 0.95}
{"t": 209.775, "state": "WAKING", "event": "confidence", "value": 0.95, "smoothed": 0.95}
{"t": 210.274, "state": "WAKING", "event": "confidence", "value": 0.95, "smoothed": 0.95}
{"t": 210.775, "state": "WAKING", "event": "confidence", "value": 0.95, "smoothed": 0.95}
{"t": 211.276, "state": "WAKING", "event": "confidence", "value": 0.95, "smoothed": 0.95}
{"t": 211.776, "state": "WAKING", "event": "confidence", "value": 0.95, "smoothed": 0.95}
{"t": 212.277, "state": "WAKING", "event": "confidence", "value": 0.95, "smoothed": 0.95}
{"t": 212.778, "state": "WAKING", "event": "confidence", "value": 0.95, "smoothed": 0.95}
{"t": 213.278, "state": "WAKING", "event": "confidence", "value": 0.95, "smoothed": 0.95}
{"t": 213.778, "state": "WAKING", "event": "confidence", "value": 0.95, "smoothed": 0.95}
{"t": 214.278, "state": "WAKING", "event": "confidence", "value": 0.95, "smoothed": 0.95}
{"t": 214.779, "state": "WAKING", "event": "confidence", "value": 0.95, "smoothed": 0.95}
{"t": 215.28, "state": "WAKING", "event": "confidence", "value": 0.95, "smoothed": 0.95}
{"t": 215.78, "state": "WAKING", "event": "confidence", "value": 0.95, "smoothed": 0.95}
{"t": 216.28, "state": "WAKING", "event": "confidence", "value": 0.95, "smoothed": 0.95}
{"t": 216.781, "state": "WAKING", "event": "confidence", "value": 0.95, "smoothed": 0.95}
{"t": 217.282, "state": "WAKING", "event": "confidence", "value": 0.95, "smoothed": 0.95}
{"t": 217.782, "state": "WAKING", "event": "confidence", "value": 0.95, "smoothed": 0.95}
{"t": 218.282, "state": "WAKING", "event": "confidence", "value": 0.95, "smoothed": 0.95}
{"t": 218.782, "state": "WAKING", "event": "confidence", "value": 0.95, "smoothed": 0.95}
{"t": 219.283, "state": "WAKING", "event": "confidence", "value": 0.95, "smoothed": 0.95}
{"t": 219.784, "state": "WAKING", "event": "confidence", "value": 0.95, "smoothed": 0.95}
{"t": 220.284, "state": "WAKING", "event": "confidence", "value": 0.95, "smoothed": 0.95}
{"t": 220.784, "state": "WAKING", "event": "confidence", "value": 0.95, "smoothed": 0.95}
{"t": 221.285, "state": "WAKING", "event": "confidence", "value": 0.95, "smoothed": 0.95}
{"t": 221.786, "state": "WAKING", "event": "confidence", "value": 0.95, "smoothed": 0.95}
{"t": 222.286, "state": "WAKING", "event": "confidence", "value": 0.95, "smoothed": 0.95}
{"t": 222.787, "state": "WAKING", "event": "confidence", "value": 0.95, "smoothed": 0.95}
{"t": 223.287, "state": "WAKING", "event": "confidence", "value": 0.95, "smoothed": 0.95}
{"t": 223.787, "state": "WAKING", "event": "confidence", "value": 0.95, "smoothed": 0.95}
{"t": 224.288, "state": "WAKING", "event": "confidence", "value": 0.95, "smoothed": 0.95}
{"t": 224.788, "state": "WAKING", "event": "confidence", "value": 0.95, "smoothed": 0.95}
{"t": 225.288, "state": "WAKING", "event": "confidence", "value": 0.95, "smoothed": 0.95}
{"t": 225.789, "state": "WAKING", "event": "confidence", "value": 0.95, "smoothed": 0.95}
{"t": 226.289, "state": "WAKING", "event": "confidence", "value": 0.95, "smoothed": 0.95}
{"t": 226.79, "state": "WAKING", "event": "confidence", "value": 0.95, "smoothed": 0.95}
{"t": 227.29, "state": "WAKING", "event": "confidence", "value": 0.95, "smoothed": 0.95}
{"t": 227.791, "state": "WAKING", "event": "confidence", "value": 0.95, "smoothed": 0.95}
{"t": 228.291, "state": "WAKING", "event": "confidence", "value": 0.95, "smoothed": 0.95}
{"t": 228.792, "state": "WAKING", "event": "confidence", "value": 0.95, "smoothed": 0.95}
{"t": 229.292, "state": "WAKING", "event": "confidence", "value": 0.95, "smoothed": 0.95}
{"t": 229.793, "state": "WAKING", "event": "confidence", "value": 0.95, "smoothed": 0.95}
{"t": 230.293, "state": "WAKING", "event": "confidence", "value": 0.95, "smoothed": 0.95}
{"t": 230.794, "state": "WAKING", "event": "confidence", "value": 0.95, "smoothed": 0.95}
{"t": 231.294, "state": "WAKING", "event": "confidence", "value": 0.95, "smoothed": 0.95}
{"t": 231.795, "state": "WAKING", "event": "confidence", "value": 0.95, "smoothed": 0.95}
{"t": 232.295, "state": "WAKING", "event": "confidence", "value": 0.95, "smoothed": 0.95}
{"t": 232.796, "state": "WAKING", "event": "confidence", "value": 0.95, "smoothed": 0.95}
{"t": 233.296, "state": "WAKING", "event": "confidence", "value": 0.95, "smoothed": 0.95}
{"t": 233.796, "state": "WAKING", "event": "confidence", "value": 0.95, "smoothed": 0.95}
{"t": 234.296, "state": "WAKING", "event": "confidence", "value": 0.95, "smoothed": 0.95}
{"t": 234.796, "state": "WAKING", "event": "confidence", "value": 0.95, "smoothed": 0.95}
{"t": 235.297, "state": "WAKING", "event": "confidence", "value": 0.95, "smoothed": 0.95}
{"t": 235.797, "state": "WAKING", "event": "confidence", "value": 0.95, "smoothed": 0.95}
{"t": 236.297, "state": "WAKING", "event": "confidence", "value": 0.95, "smoothed": 0.95}
{"t": 236.797, "state": "WAKING", "event": "confidence", "value": 0.95, "smoothed": 0.95}
{"t": 237.297, "state": "WAKING", "event": "confidence", "value": 0.95, "smoothed": 0.95}
{"t": 237.798, "state": "WAKING", "event": "confidence", "value": 0.95, "smoothed": 0.95}
{"t": 238.298, "state": "WAKING", "event": "confidence", "value": 0.95, "smoothed": 0.95}
{"t": 238.798, "state": "WAKING", "event": "confidence", "value": 0.95, "smoothed": 0.95}
{"t": 239.299, "state": "WAKING", "event": "confidence", "value": 0.95, "smoothed": 0.95}
{"t": 239.799, "state": "WAKING", "event": "confidence", "value": 0.95, "smoothed": 0.95}
{"t": 240.299, "state": "WAKING", "event": "confidence", "value": 0.95, "smoothed": 0.95}
{"t": 240.799, "state": "WAKING", "event": "confidence", "value": 0.95, "smoothed": 0.95}
{"t": 241.3, "state": "WAKING", "event": "confidence", "value": 0.95, "smoothed": 0.95}
{"t": 241.8, "state": "WAKING", "event": "confidence", "value": 0.95, "smoothed": 0.95}
{"t": 242.3, "state": "WAKING", "event": "confidence", "value": 0.95, "smoothed": 0.95}
{"t": 242.8, "state": "WAKING", "event": "confidence", "value": 0.95, "smoothed": 0.95}
{"t": 243.301, "state": "WAKING", "event": "confidence", "value": 0.95, "smoothed": 0.95}
{"t": 243.801, "state": "WAKING", "event": "confidence", "value": 0.95, "smoothed": 0.95}
{"t": 244.301, "state": "WAKING", "event": "confidence", "value": 0.95, "smoothed": 0.95}
{"t": 244.801, "state": "WAKING", "event": "confidence", "value": 0.95, "smoothed": 0.95}
{"t": 245.302, "state": "WAKING", "event": "confidence", "value": 0.95, "smoothed": 0.95}
{"t": 245.802, "state": "WAKING", "event": "confidence", "value": 0.95, "smoothed": 0.95}
{"t": 246.302, "state": "WAKING", "event": "confidence", "value": 0.95, "smoothed": 0.95}
{"t": 246.802, "state": "WAKING", "event": "confidence", "value": 0.95, "smoothed": 0.95}
{"t": 247.302, "state": "WAKING", "event": "confidence", "value": 0.95, "smoothed": 0.95}
{"t": 247.803, "state": "WAKING", "event": "confidence", "value": 0.95, "smoothed": 0.95}
{"t": 248.303, "state": "WAKING", "event": "confidence", "value": 0.95, "smoothed": 0.95}
{"t": 248.803, "state": "WAKING", "event": "confidence", "value": 0.95, "smoothed": 0.95}
{"t": 249.304, "state": "WAKING", "event": "confidence", "value": 0.95, "smoothed": 0.95}
{"t": 249.804, "state": "WAKING", "event": "confidence", "value": 0.95, "smoothed": 0.95}
{"t": 250.304, "state": "WAKING", "event": "confidence", "value": 0.95, "smoothed": 0.95}
{"t": 250.805, "state": "WAKING", "event": "confidence", "value": 0.95, "smoothed": 0.95}
{"t": 251.305, "state": "WAKING", "event": "confidence", "value": 0.95, "smoothed": 0.95}
{"t": 251.805, "state": "WAKING", "event": "confidence", "value": 0.95, "smoothed": 0.95}
{"t": 252.305, "state": "WAKING", "event": "confidence", "value": 0.95, "smoothed": 0.95}
{"t": 252.806, "state": "WAKING", "event": "confidence", "value": 0.95, "smoothed": 0.95}
{"t": 253.306, "state": "WAKING", "event": "confidence", "value": 0.95, "smoothed": 0.95}
{"t": 253.806, "state": "WAKING", "event": "confidence", "value": 0.95, "smoothed": 0.95}
{"t": 254.306, "state": "WAKING", "event": "confidence", "value": 0.95, "smoothed": 0.95}
{"t": 254.807, "state": "WAKING", "event": "confidence", "value": 0.95, "smoothed": 0.95}
{"t": 255.307, "state": "WAKING", "event": "confidence", "value": 0.95, "smoothed": 0.95}
{"t": 255.807, "state": "WAKING", "event": "confidence", "value": 0.95, "smoothed": 0.95}
{"t": 256.309, "state": "WAKING", "event": "confidence", "value": 0.95, "smoothed": 0.95}
{"t": 256.809, "state": "WAKING", "event": "confidence", "value": 0.95, "smoothed": 0.95}
{"t": 257.31, "state": "WAKING", "event": "confidence", "value": 0.95, "smoothed": 0.95}
{"t": 257.81, "state": "WAKING", "event": "confidence", "value": 0.95, "smoothed": 0.95}
{"t": 258.31, "state": "WAKING", "event": "confidence", "value": 0.95, "smoothed": 0.95}
{"t": 258.81, "state": "WAKING", "event": "confidence", "value": 0.95, "smoothed": 0.95}
{"t": 259.311, "state": "WAKING", "event": "confidence", "value": 0.95, "smoothed": 0.95}
{"t": 259.811, "state": "WAKING", "event": "confidence", "value": 0.95, "smoothed": 0.95}
{"t": 260.311, "state": "WAKING", "event": "confidence", "value": 0.95, "smoothed": 0.95}
{"t": 260.811, "state": "WAKING", "event": "confidence", "value": 0.95, "smoothed": 0.95}
{"t": 261.312, "state": "WAKING", "event": "confidence", "value": 0.95, "smoothed": 0.95}
{"t": 261.812, "state": "WAKING", "event": "confidence", "value": 0.95, "smoothed": 0.95}
{"t": 262.312, "state": "WAKING", "event": "confidence", "value": 0.95, "smoothed": 0.95}
{"t": 262.812, "state": "WAKING", "event": "confidence", "value": 0.95, "smoothed": 0.95}
{"t": 263.313, "state": "WAKING", "event": "confidence", "value": 0.95, "smoothed": 0.95}
{"t": 263.813, "state": "WAKING", "event": "confidence", "value": 0.95, "smoothed": 0.95}
{"t": 264.313, "state": "WAKING", "event": "confidence", "value": 0.95, "smoothed": 0.95}
{"t": 264.814, "state": "WAKING", "event": "confidence", "value": 0.95, "smoothed": 0.95}
{"t": 265.314, "state": "WAKING", "event": "confidence", "value": 0.95, "smoothed": 0.95}
{"t": 265.814, "state": "WAKING", "event": "confidence", "value": 0.95, "smoothed": 0.95}
{"t": 266.318, "state": "WAKING", "event": "confidence", "value": 0.95, "smoothed": 0.95}
{"t": 266.817, "state": "WAKING", "event": "confidence", "value": 0.95, "smoothed": 0.95}
{"t": 267.318, "state": "WAKING", "event": "confidence", "value": 0.95, "smoothed": 0.95}
{"t": 267.818, "state": "WAKING", "event": "confidence", "value": 0.95, "smoothed": 0.95}
{"t": 268.318, "state": "WAKING", "event": "confidence", "value": 0.95, "smoothed": 0.95}
{"t": 268.818, "state": "WAKING", "event": "confidence", "value": 0.95, "smoothed": 0.95}
{"t": 269.319, "state": "WAKING", "event": "confidence", "value": 0.95, "smoothed": 0.95}
{"t": 269.819, "state": "WAKING", "event": "confidence", "value": 0.95, "smoothed": 0.95}
{"t": 270.319, "state": "WAKING", "event": "confidence", "value": 0.95, "smoothed": 0.95}
{"t": 270.819, "state": "WAKING", "event": "confidence", "value": 0.95, "smoothed": 0.95}
{"t": 271.32, "state": "WAKING", "event": "confidence", "value": 0.95, "smoothed": 0.95}
{"t": 271.82, "state": "WAKING", "event": "confidence", "value": 0.95, "smoothed": 0.95}
{"t": 272.32, "state": "WAKING", "event": "confidence", "value": 0.95, "smoothed": 0.95}
{"t": 272.82, "state": "WAKING", "event": "confidence", "value": 0.95, "smoothed": 0.95}
{"t": 273.32, "state": "WAKING", "event": "confidence", "value": 0.95, "smoothed": 0.95}
{"t": 273.821, "state": "WAKING", "event": "confidence", "value": 0.95, "smoothed": 0.95}
{"t": 274.321, "state": "WAKING", "event": "confidence", "value": 0.95, "smoothed": 0.95}
{"t": 274.822, "state": "WAKING", "event": "confidence", "value": 0.95, "smoothed": 0.95}
{"t": 275.322, "state": "WAKING", "event": "confidence", "value": 0.95, "smoothed": 0.95}
{"t": 275.822, "state": "WAKING", "event": "confidence", "value": 0.95, "smoothed": 0.95}
{"t": 276.322, "state": "WAKING", "event": "confidence", "value": 0.95, "smoothed": 0.95}
{"t": 276.823, "state": "WAKING", "event": "confidence", "value": 0.95, "smoothed": 0.95}
{"t": 277.323, "state": "WAKING", "event": "confidence", "value": 0.95, "smoothed": 0.95}
{"t": 277.823, "state": "WAKING", "event": "confidence", "value": 0.95, "smoothed": 0.95}
{"t": 278.323, "state": "WAKING", "event": "confidence", "value": 0.95, "smoothed": 0.95}
{"t": 278.823, "state": "WAKING", "event": "confidence", "value": 0.95, "smoothed": 0.95}
{"t": 279.323, "state": "WAKING", "event": "confidence", "value": 0.95, "smoothed": 0.95}
{"t": 279.824, "state": "WAKING", "event": "confidence", "value": 0.95, "smoothed": 0.95}
{"t": 280.324, "state": "WAKING", "event": "confidence", "value": 0.95, "smoothed": 0.95}
{"t": 280.824, "state": "WAKING", "event": "confidence", "value": 0.95, "smoothed": 0.95}
{"t": 281.324, "state": "WAKING", "event": "confidence", "value": 0.95, "smoothed": 0.95}
{"t": 281.825, "state": "WAKING", "event": "confidence", "value": 0.95, "smoothed": 0.95}
{"t": 282.325, "state": "WAKING", "event": "confidence", "value": 0.95, "smoothed": 0.95}
{"t": 282.825, "state": "WAKING", "event": "confidence", "value": 0.95, "smoothed": 0.95}
{"t": 283.326, "state": "WAKING", "event": "confidence", "value": 0.95, "smoothed": 0.95}
{"t": 283.826, "state": "WAKING", "event": "confidence", "value": 0.95, "smoothed": 0.95}
{"t": 284.326, "state": "WAKING", "event": "confidence", "value": 0.95, "smoothed": 0.95}
{"t": 284.826, "state": "WAKING", "event": "confidence", "value": 0.95, "smoothed": 0.95}
{"t": 285.326, "state": "WAKING", "event": "confidence", "value": 0.95, "smoothed": 0.95}
{"t": 285.827, "state": "WAKING", "event": "confidence", "value": 0.95, "smoothed": 0.95}
{"t": 286.327, "state": "WAKING", "event": "confidence", "value": 0.95, "smoothed": 0.95}
{"t": 286.827, "state": "WAKING", "event": "confidence", "value": 0.95, "smoothed": 0.95}
{"t": 287.328, "state": "WAKING", "event": "confidence", "value": 0.95, "smoothed": 0.95}
{"t": 287.828, "state": "WAKING", "event": "confidence", "value": 0.95, "smoothed": 0.95}
{"t": 288.328, "state": "WAKING", "event": "confidence", "value": 0.95, "smoothed": 0.95}
{"t": 288.828, "state": "WAKING", "event": "confidence", "value": 0.95, "smoothed": 0.95}
{"t": 289.329, "state": "WAKING", "event": "confidence", "value": 0.95, "smoothed": 0.95}
{"t": 289.829, "state": "WAKING", "event": "confidence", "value": 0.95, "smoothed": 0.95}
{"t": 290.329, "state": "WAKING", "event": "confidence", "value": 0.95, "smoothed": 0.95}
{"t": 290.829, "state": "WAKING", "event": "confidence", "value": 0.95, "smoothed": 0.95}
{"t": 291.33, "state": "WAKING", "event": "confidence", "value": 0.95, "smoothed": 0.95}
{"t": 291.83, "state": "WAKING", "event": "confidence", "value": 0.95, "smoothed": 0.95}
{"t": 292.33, "state": "WAKING", "event": "confidence", "value": 0.95, "smoothed": 0.95}
{"t": 292.83, "state": "WAKING", "event": "confidence", "value": 0.95, "smoothed": 0.95}
{"t": 293.331, "state": "WAKING", "event": "confidence", "value": 0.95, "smoothed": 0.95}
{"t": 293.831, "state": "WAKING", "event": "confidence", "value": 0.95, "smoothed": 0.95}
{"t": 294.331, "state": "WAKING", "event": "confidence", "value": 0.95, "smoothed": 0.95}
{"t": 294.831, "state": "WAKING", "event": "confidence", "value": 0.95, "smoothed": 0.95}
{"t": 295.332, "state": "WAKING", "event": "confidence", "value": 0.95, "smoothed": 0.95}
{"t": 295.832, "state": "WAKING", "event": "confidence", "value": 0.95, "smoothed": 0.95}
{"t": 296.332, "state": "WAKING", "event": "confidence", "value": 0.95, "smoothed": 0.95}
{"t": 296.832, "state": "WAKING", "event": "confidence", "value": 0.95, "smoothed": 0.95}
{"t": 297.333, "state": "WAKING", "event": "confidence", "value": 0.95, "smoothed": 0.95}
{"t": 297.833, "state": "WAKING", "event": "confidence", "value": 0.95, "smoothed": 0.95}
{"t": 298.333, "state": "WAKING", "event": "confidence", "value": 0.95, "smoothed": 0.95}
{"t": 298.833, "state": "WAKING", "event": "confidence", "value": 0.95, "smoothed": 0.95}
{"t": 299.334, "state": "WAKING", "event": "confidence", "value": 0.95, "smoothed": 0.95}
{"t": 299.834, "state": "WAKING", "event": "confidence", "value": 0.95, "smoothed": 0.95}
{"t": 300.334, "state": "WAKING", "event": "confidence", "value": 0.95, "smoothed": 0.95}
{"t": 300.834, "state": "WAKING", "event": "confidence", "value": 0.95, "smoothed": 0.95}
{"t": 301.335, "state": "WAKING", "event": "confidence", "value": 0.95, "smoothed": 0.95}
{"t": 301.835, "state": "WAKING", "event": "confidence", "value": 0.95, "smoothed": 0.95}
{"t": 302.335, "state": "WAKING", "event": "confidence", "value": 0.95, "smoothed": 0.95}
{"t": 302.835, "state": "WAKING", "event": "confidence", "value": 0.95, "smoothed": 0.95}
{"t": 303.336, "state": "WAKING", "event": "confidence", "value": 0.95, "smoothed": 0.95}
{"t": 303.836, "state": "WAKING", "event": "confidence", "value": 0.95, "smoothed": 0.95}
{"t": 304.336, "state": "WAKING", "event": "confidence", "value": 0.95, "smoothed": 0.95}
{"t": 304.836, "state": "WAKING", "event": "confidence", "value": 0.95, "smoothed": 0.95}
{"t": 305.337, "state": "WAKING", "event": "confidence", "value": 0.95, "smoothed": 0.95}
{"t": 305.837, "state": "WAKING", "event": "confidence", "value": 0.95, "smoothed": 0.95}
{"t": 306.337, "state": "WAKING", "event": "confidence", "value": 0.95, "smoothed": 0.95}
{"t": 306.837, "state": "WAKING", "event": "confidence", "value": 0.95, "smoothed": 0.95}
{"t": 307.337, "state": "WAKING", "event": "confidence", "value": 0.95, "smoothed": 0.95}
{"t": 307.838, "state": "WAKING", "event": "confidence", "value": 0.95, "smoothed": 0.95}
{"t": 308.338, "state": "WAKING", "event": "confidence", "value": 0.95, "smoothed": 0.95}
{"t": 308.838, "state": "WAKING", "event": "confidence", "value": 0.95, "smoothed": 0.95}
{"t": 309.338, "state": "WAKING", "event": "confidence", "value": 0.95, "smoothed": 0.95}
{"t": 309.839, "state": "WAKING", "event": "confidence", "value": 0.95, "smoothed": 0.95}
{"t": 310.339, "state": "WAKING", "event": "confidence", "value": 0.95, "smoothed": 0.95}
{"t": 310.839, "state": "WAKING", "event": "confidence", "value": 0.95, "smoothed": 0.95}
{"t": 311.339, "state": "WAKING", "event": "confidence", "value": 0.95, "smoothed": 0.95}
{"t": 311.84, "state": "WAKING", "event": "confidence", "value": 0.95, "smoothed": 0.95}
{"t": 312.341, "state": "WAKING", "event": "confidence", "value": 0.95, "smoothed": 0.95}
{"t": 312.839, "state": "AWAKE", "event": "awake", "wake_seconds": 306.21, "loader": {"compose_up_seconds": 2.95, "first_output_seconds": null}}
{"t": 312.847, "state": "AWAKE", "event": "confidence", "value": 0.95, "smoothed": 0.95}
{"t": 313.342, "state": "AWAKE", "event": "confidence", "value": 0.95, "smoothed": 0.95}
[continuous_2] done: latency=306.21s
cooldown up to 30.0s (baseline tj=52.312)...
[
  {
    "mode": "burst",
    "rep": 0,
    "t_watcher_launch_epoch": 1784649122.2525501,
    "wake_start": {
      "t": 6.58,
      "state": "WAKING",
      "event": "wake_start",
      "confidence": 0.8528,
      "from_state": "SLEEPING"
    },
    "awake": {
      "t": 161.24,
      "state": "AWAKE",
      "event": "awake",
      "wake_seconds": 154.66,
      "loader": {
        "compose_up_seconds": 3.07,
        "first_output_seconds": 154.65
      }
    },
    "baseline_tj_c": 48.187,
    "run_dir": "mmap_sandbox/results/burst_vs_continuous_run1/burst_0",
    "timed_out": false
  },
  {
    "mode": "continuous",
    "rep": 0,
    "t_watcher_launch_epoch": 1784649330.512281,
    "wake_start": {
      "t": 6.637,
      "state": "WAKING",
      "event": "wake_start",
      "confidence": 0.8528,
      "from_state": "SLEEPING",
      "mode": "continuous"
    },
    "awake": {
      "t": 160.588,
      "state": "AWAKE",
      "event": "awake",
      "wake_seconds": 153.95,
      "loader": {
        "compose_up_seconds": 2.91,
        "first_output_seconds": 148.2
      }
    },
    "baseline_tj_c": 50.812,
    "run_dir": "mmap_sandbox/results/burst_vs_continuous_run1/continuous_0",
    "timed_out": false
  },
  {
    "mode": "burst",
    "rep": 1,
    "t_watcher_launch_epoch": 1784649529.365408,
    "wake_start": {
      "t": 6.655,
      "state": "WAKING",
      "event": "wake_start",
      "confidence": 0.8528,
      "from_state": "SLEEPING"
    },
    "awake": {
      "t": 152.813,
      "state": "AWAKE",
      "event": "awake",
      "wake_seconds": 146.16,
      "loader": {
        "compose_up_seconds": 3.08,
        "first_output_seconds": 146.15
      }
    },
    "baseline_tj_c": 51.968,
    "run_dir": "mmap_sandbox/results/burst_vs_continuous_run1/burst_1",
    "timed_out": false
  },
  {
    "mode": "continuous",
    "rep": 1,
    "t_watcher_launch_epoch": 1784649701.5034962,
    "wake_start": {
      "t": 6.619,
      "state": "WAKING",
      "event": "wake_start",
      "confidence": 0.8528,
      "from_state": "SLEEPING",
      "mode": "continuous"
    },
    "awake": {
      "t": 163.384,
      "state": "AWAKE",
      "event": "awake",
      "wake_seconds": 156.76,
      "loader": {
        "compose_up_seconds": 3.02,
        "first_output_seconds": 151.08
      }
    },
    "baseline_tj_c": 52.937,
    "run_dir": "mmap_sandbox/results/burst_vs_continuous_run1/continuous_1",
    "timed_out": false
  },
  {
    "mode": "burst",
    "rep": 2,
    "t_watcher_launch_epoch": 1784649882.043717,
    "wake_start": {
      "t": 6.631,
      "state": "WAKING",
      "event": "wake_start",
      "confidence": 0.8528,
      "from_state": "SLEEPING"
    },
    "awake": {
      "t": 157.585,
      "state": "AWAKE",
      "event": "awake",
      "wake_seconds": 150.95,
      "loader": {
        "compose_up_seconds": 3.18,
        "first_output_seconds": 150.94
      }
    },
    "baseline_tj_c": 52.687,
    "run_dir": "mmap_sandbox/results/burst_vs_continuous_run1/burst_2",
    "timed_out": false
  },
  {
    "mode": "continuous",
    "rep": 2,
    "t_watcher_launch_epoch": 1784650058.3883045,
    "wake_start": {
      "t": 6.631,
      "state": "WAKING",
      "event": "wake_start",
      "confidence": 0.8528,
      "from_state": "SLEEPING",
      "mode": "continuous"
    },
    "awake": {
      "t": 312.839,
      "state": "AWAKE",
      "event": "awake",
      "wake_seconds": 306.21,
      "loader": {
        "compose_up_seconds": 2.95,
        "first_output_seconds": null
      }
    },
    "baseline_tj_c": 52.5,
    "run_dir": "mmap_sandbox/results/burst_vs_continuous_run1/continuous_2",
    "timed_out": false
  }
]
results in mmap_sandbox/results/burst_vs_continuous_run1
